iso_code,continent,location,date,total_cases,new_cases,new_cases_smoothed,total_deaths,new_deaths,new_deaths_smoothed,total_cases_per_million,new_cases_per_million,new_cases_smoothed_per_million,total_deaths_per_million,new_deaths_per_million,new_deaths_smoothed_per_million,reproduction_rate,new_tests_smoothed,new_tests_smoothed_per_thousand,positive_rate,tests_per_case,stringency_index,total_cases,stringency_index
SGP,Asia,Singapore,1/3/2020,106,4,2.429,0,0,0,19.437,0.733,0.445,0,0,0,0.56,0,0,0,0,30.56,106,30.56
SGP,Asia,Singapore,2/3/2020,108,2,2.714,0,0,0,19.803,0.367,0.498,0,0,0,0.54,0,0,0,0,30.56,108,30.56
SGP,Asia,Singapore,3/3/2020,110,2,2.714,0,0,0,20.17,0.367,0.498,0,0,0,0.53,0,0,0,0,30.56,110,30.56
SGP,Asia,Singapore,4/3/2020,110,0,2.429,0,0,0,20.17,0,0.445,0,0,0,0.57,0,0,0,0,30.56,110,30.56
SGP,Asia,Singapore,5/3/2020,117,7,3.429,0,0,0,21.454,1.284,0.629,0,0,0,0.73,0,0,0,0,30.56,117,30.56
SGP,Asia,Singapore,6/3/2020,130,13,5.286,0,0,0,23.837,2.384,0.969,0,0,0,0.85,0,0,0,0,30.56,130,30.56
SGP,Asia,Singapore,7/3/2020,138,8,5.143,0,0,0,25.304,1.467,0.943,0,0,0,0.94,0,0,0,0,30.56,138,30.56
SGP,Asia,Singapore,8/3/2020,150,12,6.286,0,0,0,27.505,2.2,1.153,0,0,0,1.02,0,0,0,0,30.56,150,30.56
SGP,Asia,Singapore,9/3/2020,150,0,6,0,0,0,27.505,0,1.1,0,0,0,1.04,0,0,0,0,30.56,150,30.56
SGP,Asia,Singapore,10/3/2020,160,10,7.143,0,0,0,29.338,1.834,1.31,0,0,0,1.16,0,0,0,0,30.56,160,30.56
SGP,Asia,Singapore,11/3/2020,178,18,9.714,0,0,0,32.639,3.301,1.781,0,0,0,1.25,0,0,0,0,30.56,178,30.56
SGP,Asia,Singapore,12/3/2020,178,0,8.714,0,0,0,32.639,0,1.598,0,0,0,1.29,0,0,0,0,30.56,178,30.56
SGP,Asia,Singapore,13/3/2020,200,22,10,0,0,0,36.673,4.034,1.834,0,0,0,1.46,0,0,0,0,36.11,200,36.11
SGP,Asia,Singapore,14/3/2020,212,12,10.571,0,0,0,38.873,2.2,1.938,0,0,0,1.53,0,0,0,0,36.11,212,36.11
SGP,Asia,Singapore,15/3/2020,226,14,10.857,0,0,0,41.441,2.567,1.991,0,0,0,1.63,0,0,0,0,36.11,226,36.11
SGP,Asia,Singapore,16/3/2020,243,17,13.286,0,0,0,44.558,3.117,2.436,0,0,0,1.75,0,0,0,0,36.11,243,36.11
SGP,Asia,Singapore,17/3/2020,266,23,15.143,0,0,0,48.775,4.217,2.777,0,0,0,1.87,0,0,0,0,36.11,266,36.11
SGP,Asia,Singapore,18/3/2020,313,47,19.286,0,0,0,57.393,8.618,3.536,0,0,0,1.96,0,0,0,0,36.11,313,36.11
SGP,Asia,Singapore,19/3/2020,345,32,23.857,0,0,0,63.261,5.868,4.375,0,0,0,1.91,0,0,0,0,36.11,345,36.11
SGP,Asia,Singapore,20/3/2020,385,40,26.429,0,0,0,70.596,7.335,4.846,0,0,0,1.84,0,0,0,0,36.11,385,36.11
SGP,Asia,Singapore,21/3/2020,432,47,31.429,2,2,0.286,79.214,8.618,5.763,0.367,0.367,0.052,1.8,0,0,0,0,36.11,432,36.11
SGP,Asia,Singapore,22/3/2020,455,23,32.714,2,0,0.286,83.431,4.217,5.999,0.367,0,0.052,1.73,0,0,0,0,36.11,455,36.11
SGP,Asia,Singapore,23/3/2020,509,54,38,2,0,0.286,93.333,9.902,6.968,0.367,0,0.052,1.74,0,0,0,0,36.11,509,36.11
SGP,Asia,Singapore,24/3/2020,558,49,41.714,2,0,0.286,102.318,8.985,7.649,0.367,0,0.052,1.69,0,0,0,0,36.11,558,36.11
SGP,Asia,Singapore,25/3/2020,631,73,45.429,2,0,0.286,115.703,13.386,8.33,0.367,0,0.052,1.62,0,0,0,0,36.11,631,36.11
SGP,Asia,Singapore,26/3/2020,683,52,48.286,2,0,0.286,125.238,9.535,8.854,0.367,0,0.052,1.52,0,0,0,0,36.11,683,36.11
SGP,Asia,Singapore,27/3/2020,732,49,49.571,2,0,0.286,134.223,8.985,9.09,0.367,0,0.052,1.44,0,0,0,0,36.11,732,36.11
SGP,Asia,Singapore,28/3/2020,802,70,52.857,2,0,0,147.059,12.836,9.692,0.367,0,0,1.4,0,0,0,0,36.11,802,36.11
SGP,Asia,Singapore,29/3/2020,844,42,55.571,3,1,0.143,154.76,7.701,10.19,0.55,0.183,0.026,1.34,0,0,0,0,36.11,844,36.11
SGP,Asia,Singapore,30/3/2020,879,35,52.857,3,0,0.143,161.178,6.418,9.692,0.55,0,0.026,1.3,0,0,0,0,36.11,879,36.11
SGP,Asia,Singapore,31/3/2020,926,47,52.571,3,0,0.143,169.796,8.618,9.64,0.55,0,0.026,1.32,0,0,0,0,36.11,926,36.11
SGP,Asia,Singapore,1/4/2020,1000,74,52.714,3,0,0.143,183.365,13.569,9.666,0.55,0,0.026,1.35,0,0,0,0,36.11,1000,36.11
SGP,Asia,Singapore,2/4/2020,1049,49,52.286,4,1,0.286,192.35,8.985,9.587,0.733,0.183,0.052,1.37,0,0,0,0,36.11,1049,36.11
SGP,Asia,Singapore,3/4/2020,1114,65,54.571,5,1,0.429,204.269,11.919,10.006,0.917,0.183,0.079,1.46,0,0,0,0,45.37,1114,45.37
SGP,Asia,Singapore,4/4/2020,1189,75,55.286,6,1,0.571,218.021,13.752,10.137,1.1,0.183,0.105,1.57,0,0,0,0,45.37,1189,45.37
SGP,Asia,Singapore,5/4/2020,1309,120,66.429,6,0,0.429,240.025,22.004,12.181,1.1,0,0.079,1.69,0,0,0,0,45.37,1309,45.37
SGP,Asia,Singapore,6/4/2020,1375,66,70.857,6,0,0.429,252.127,12.102,12.993,1.1,0,0.079,1.73,0,0,0,0,45.37,1375,45.37
SGP,Asia,Singapore,7/4/2020,1481,106,79.286,6,0,0.429,271.564,19.437,14.538,1.1,0,0.079,1.83,0,0,0,0,62.04,1481,62.04
SGP,Asia,Singapore,8/4/2020,1623,142,89,6,0,0.429,297.602,26.038,16.319,1.1,0,0.079,1.95,0,0,0,0,76.85,1623,76.85
SGP,Asia,Singapore,9/4/2020,1910,287,123,6,0,0.286,350.227,52.626,22.554,1.1,0,0.052,2.08,0,0,0,0,76.85,1910,76.85
SGP,Asia,Singapore,10/4/2020,2108,198,142,7,1,0.286,386.534,36.306,26.038,1.284,0.183,0.052,2.04,0,0,0,0,82.41,2108,82.41
SGP,Asia,Singapore,11/4/2020,2299,191,158.571,8,1,0.286,421.556,35.023,29.076,1.467,0.183,0.052,2.03,0,0,0,0,76.85,2299,76.85
SGP,Asia,Singapore,12/4/2020,2532,233,174.714,8,0,0.286,464.28,42.724,32.037,1.467,0,0.052,2.08,0,0,0,0,76.85,2532,76.85
SGP,Asia,Singapore,13/4/2020,2918,386,220.429,9,1,0.429,535.059,70.779,40.419,1.65,0.183,0.079,2.15,0,0,0,0,76.85,2918,76.85
SGP,Asia,Singapore,14/4/2020,3252,334,253,10,1,0.571,596.303,61.244,46.391,1.834,0.183,0.105,2.15,3159,0.579,0.08,12.5,76.85,3252,76.85
SGP,Asia,Singapore,15/4/2020,3699,447,296.571,10,0,0.571,678.268,81.964,54.381,1.834,0,0.105,2.18,3350,0.614,0.089,11.3,76.85,3699,76.85
SGP,Asia,Singapore,16/4/2020,4427,728,359.571,10,0,0.571,811.757,133.49,65.933,1.834,0,0.105,2.21,3541,0.649,0.102,9.8,76.85,4427,76.85
SGP,Asia,Singapore,17/4/2020,5050,623,420.286,11,1,0.571,925.994,114.236,77.066,2.017,0.183,0.105,2.17,3732,0.684,0.113,8.9,76.85,5050,76.85
SGP,Asia,Singapore,18/4/2020,5992,942,527.571,11,0,0.429,1098.724,172.73,96.738,2.017,0,0.079,2.15,3923,0.719,0.134,7.4,76.85,5992,76.85
SGP,Asia,Singapore,19/4/2020,6588,596,579.429,11,0,0.429,1208.009,109.286,106.247,2.017,0,0.079,2.05,4114,0.754,0.141,7.1,76.85,6588,76.85
SGP,Asia,Singapore,20/4/2020,8014,1426,728,11,0,0.286,1469.488,261.479,133.49,2.017,0,0.052,2.01,4305,0.789,0.169,5.9,76.85,8014,76.85
SGP,Asia,Singapore,21/4/2020,9125,1111,839,11,0,0.143,1673.207,203.719,153.843,2.017,0,0.026,1.84,4306,0.79,0.195,5.1,76.85,9125,76.85
SGP,Asia,Singapore,22/4/2020,10141,1016,920.286,12,1,0.286,1859.506,186.299,168.748,2.2,0.183,0.052,1.64,4116,0.755,0.224,4.5,76.85,10141,76.85
SGP,Asia,Singapore,23/4/2020,11178,1037,964.429,12,0,0.286,2049.655,190.15,176.843,2.2,0,0.052,1.47,3925,0.72,0.246,4.1,76.85,11178,76.85
SGP,Asia,Singapore,24/4/2020,12075,897,1003.571,12,0,0.143,2214.134,164.479,184.02,2.2,0,0.026,1.33,3735,0.685,0.269,3.7,76.85,12075,76.85
SGP,Asia,Singapore,25/4/2020,12693,618,957.286,12,0,0.143,2327.453,113.32,175.533,2.2,0,0.026,1.22,3544,0.65,0.27,3.7,82.41,12693,82.41
SGP,Asia,Singapore,26/4/2020,13624,931,1005.143,12,0,0.143,2498.166,170.713,184.308,2.2,0,0.026,1.17,3354,0.615,0.3,3.3,76.85,13624,76.85
SGP,Asia,Singapore,27/4/2020,14423,799,915.571,14,2,0.429,2644.675,146.509,167.884,2.567,0.367,0.079,1.08,3164,0.58,0.289,3.5,76.85,14423,76.85
SGP,Asia,Singapore,28/4/2020,14951,528,832.286,14,0,0.429,2741.492,96.817,152.612,2.567,0,0.079,1.01,3358,0.616,0.248,4,76.85,14951,76.85
SGP,Asia,Singapore,29/4/2020,15641,690,785.714,14,0,0.286,2868.014,126.522,144.073,2.567,0,0.052,0.96,3553,0.651,0.221,4.5,76.85,15641,76.85
SGP,Asia,Singapore,30/4/2020,16169,528,713,15,1,0.429,2964.831,96.817,130.739,2.75,0.183,0.079,0.94,3748,0.687,0.19,5.3,76.85,16169,76.85
SGP,Asia,Singapore,1/5/2020,17101,932,718,16,1,0.571,3135.727,170.896,131.656,2.934,0.183,0.105,0.96,3942,0.723,0.182,5.5,82.41,17101,82.41
SGP,Asia,Singapore,2/5/2020,17548,447,693.571,17,1,0.714,3217.691,81.964,127.177,3.117,0.183,0.131,0.94,4137,0.759,0.168,6,76.85,17548,76.85
SGP,Asia,Singapore,3/5/2020,18205,657,654.429,18,1,0.857,3338.162,120.471,119.999,3.301,0.183,0.157,0.95,4332,0.794,0.151,6.6,76.85,18205,76.85
SGP,Asia,Singapore,4/5/2020,18778,573,622.143,18,0,0.571,3443.23,105.068,114.079,3.301,0,0.105,0.97,4526,0.83,0.137,7.3,76.85,18778,76.85
SGP,Asia,Singapore,5/5/2020,19410,632,637,18,0,0.571,3559.117,115.887,116.804,3.301,0,0.105,0.99,5562,1.02,0.115,8.7,76.85,19410,76.85
SGP,Asia,Singapore,6/5/2020,20198,788,651,20,2,0.857,3703.609,144.492,119.371,3.667,0.367,0.157,1.01,6597,1.21,0.099,10.1,76.85,20198,76.85
SGP,Asia,Singapore,7/5/2020,20939,741,681.429,20,0,0.714,3839.482,135.874,124.95,3.667,0,0.131,1.01,7633,1.4,0.089,11.2,76.85,20939,76.85
SGP,Asia,Singapore,8/5/2020,21707,768,658,20,0,0.571,3980.307,140.824,120.654,3.667,0,0.105,1.02,8668,1.589,0.076,13.2,76.85,21707,76.85
SGP,Asia,Singapore,9/5/2020,22460,753,701.714,20,0,0.429,4118.381,138.074,128.67,3.667,0,0.079,1.04,9704,1.779,0.072,13.8,76.85,22460,76.85
SGP,Asia,Singapore,10/5/2020,23336,876,733,20,0,0.286,4279.008,160.628,134.407,3.667,0,0.052,1.03,10739,1.969,0.068,14.7,76.85,23336,76.85
SGP,Asia,Singapore,11/5/2020,23822,486,720.571,21,1,0.429,4368.124,89.115,132.128,3.851,0.183,0.079,1,10953,2.008,0.066,15.2,76.85,23822,76.85
SGP,Asia,Singapore,12/5/2020,24671,849,751.571,21,0,0.429,4523.801,155.677,137.812,3.851,0,0.079,1,10131,1.858,0.074,13.5,73.15,24671,73.15
SGP,Asia,Singapore,13/5/2020,25346,675,735.429,21,0,0.143,4647.572,123.771,134.852,3.851,0,0.026,0.96,9309,1.707,0.079,12.7,73.15,25346,73.15
SGP,Asia,Singapore,14/5/2020,26098,752,737,21,0,0.143,4785.463,137.891,135.14,3.851,0,0.026,0.94,8486,1.556,0.087,11.5,73.15,26098,73.15
SGP,Asia,Singapore,15/5/2020,26891,793,740.571,21,0,0.143,4930.871,145.409,135.795,3.851,0,0.026,0.92,7664,1.405,0.097,10.3,73.15,26891,73.15
SGP,Asia,Singapore,16/5/2020,27356,465,699.429,22,1,0.286,5016.136,85.265,128.251,4.034,0.183,0.052,0.88,6842,1.255,0.102,9.8,73.15,27356,73.15
SGP,Asia,Singapore,17/5/2020,28038,682,671.714,22,0,0.286,5141.191,125.055,123.169,4.034,0,0.052,0.86,6020,1.104,0.112,9,73.15,28038,73.15
SGP,Asia,Singapore,18/5/2020,28343,305,645.857,22,0,0.143,5197.118,55.926,118.428,4.034,0,0.026,0.83,6020,1.104,0.107,9.3,73.15,28343,73.15
SGP,Asia,Singapore,19/5/2020,28794,451,589,22,0,0.143,5279.815,82.698,108.002,4.034,0,0.026,0.83,5982,1.097,0.098,10.2,73.15,28794,73.15
SGP,Asia,Singapore,20/5/2020,29364,570,574,22,0,0.143,5384.333,104.518,105.252,4.034,0,0.026,0.84,5944,1.09,0.097,10.4,73.15,29364,73.15
SGP,Asia,Singapore,21/5/2020,29812,448,530.571,23,1,0.286,5466.481,82.148,97.288,4.217,0.183,0.052,0.85,5906,1.083,0.09,11.1,73.15,29812,73.15
SGP,Asia,Singapore,22/5/2020,30426,614,505,23,0,0.286,5579.067,112.586,92.599,4.217,0,0.052,0.88,5868,1.076,0.086,11.6,73.15,30426,73.15
SGP,Asia,Singapore,23/5/2020,31068,642,530.286,23,0,0.143,5696.787,117.72,97.236,4.217,0,0.026,0.9,5830,1.069,0.091,11,73.15,31068,73.15
SGP,Asia,Singapore,24/5/2020,31616,548,511.143,23,0,0.143,5797.272,100.484,93.726,4.217,0,0.026,0.88,5792,1.062,0.088,11.3,73.15,31616,73.15
SGP,Asia,Singapore,25/5/2020,31960,344,516.714,23,0,0.143,5860.349,63.078,94.747,4.217,0,0.026,0.86,5754,1.055,0.09,11.1,73.15,31960,73.15
SGP,Asia,Singapore,26/5/2020,32343,383,507,23,0,0.143,5930.578,70.229,92.966,4.217,0,0.026,0.86,6438,1.181,0.079,12.7,73.15,32343,73.15
SGP,Asia,Singapore,27/5/2020,32876,533,501.714,23,0,0.143,6028.312,97.734,91.997,4.217,0,0.026,0.87,7122,1.306,0.07,14.2,73.15,32876,73.15
SGP,Asia,Singapore,28/5/2020,33249,373,491,23,0,0,6096.707,68.395,90.032,4.217,0,0,0.89,7807,1.432,0.063,15.9,73.15,33249,73.15
SGP,Asia,Singapore,29/5/2020,33860,611,490.571,23,0,0,6208.743,112.036,89.954,4.217,0,0,0.93,8491,1.557,0.058,17.3,73.15,33860,73.15
SGP,Asia,Singapore,30/5/2020,34366,506,471.143,23,0,0,6301.526,92.783,86.391,4.217,0,0,0.94,9175,1.682,0.051,19.5,73.15,34366,73.15
SGP,Asia,Singapore,31/5/2020,34884,518,466.857,23,0,0,6396.509,94.983,85.605,4.217,0,0,0.94,9859,1.808,0.047,21.1,73.15,34884,73.15
SGP,Asia,Singapore,1/6/2020,35292,408,476,24,1,0.143,6471.322,74.813,87.282,4.401,0.183,0.026,0.94,10543,1.933,0.045,22.1,73.15,35292,73.15
SGP,Asia,Singapore,2/6/2020,35836,544,499,24,0,0.143,6571.072,99.751,91.499,4.401,0,0.026,0.94,10674,1.957,0.047,21.4,71.3,35836,71.3
SGP,Asia,Singapore,3/6/2020,36405,569,504.143,24,0,0.143,6675.407,104.335,92.442,4.401,0,0.026,0.91,10804,1.981,0.047,21.4,65.74,36405,65.74
SGP,Asia,Singapore,4/6/2020,36922,517,524.714,24,0,0.143,6770.207,94.8,96.214,4.401,0,0.026,0.88,10935,2.005,0.048,20.8,65.74,36922,65.74
SGP,Asia,Singapore,5/6/2020,37183,261,474.714,24,0,0.143,6818.065,47.858,87.046,4.401,0,0.026,0.82,11066,2.029,0.043,23.3,65.74,37183,65.74
SGP,Asia,Singapore,6/6/2020,37527,344,451.571,25,1,0.286,6881.143,63.078,82.802,4.584,0.183,0.052,0.82,11196,2.053,0.04,24.8,65.74,37527,65.74
SGP,Asia,Singapore,7/6/2020,37910,383,432.286,25,0,0.286,6951.372,70.229,79.266,4.584,0,0.052,0.82,11327,2.077,0.038,26.2,65.74,37910,65.74
SGP,Asia,Singapore,8/6/2020,38296,386,429.143,25,0,0.143,7022.151,70.779,78.69,4.584,0,0.026,0.84,11457,2.101,0.037,26.7,65.74,38296,65.74
SGP,Asia,Singapore,9/6/2020,38514,218,382.571,25,0,0.143,7062.124,39.974,70.15,4.584,0,0.026,0.83,11606,2.128,0.033,30.3,65.74,38514,65.74
SGP,Asia,Singapore,10/6/2020,38965,451,365.714,25,0,0.143,7144.822,82.698,67.059,4.584,0,0.026,0.86,11755,2.155,0.031,32.1,65.74,38965,65.74
SGP,Asia,Singapore,11/6/2020,39387,422,352.143,25,0,0.143,7222.202,77.38,64.571,4.584,0,0.026,0.87,11904,2.183,0.03,33.8,65.74,39387,65.74
SGP,Asia,Singapore,12/6/2020,39850,463,381,25,0,0.143,7307.1,84.898,69.862,4.584,0,0.026,0.87,12053,2.21,0.032,31.6,65.74,39850,65.74
SGP,Asia,Singapore,13/6/2020,40197,347,381.429,26,1,0.143,7370.728,63.628,69.941,4.767,0.183,0.026,0.83,12201,2.237,0.031,32,65.74,40197,65.74
SGP,Asia,Singapore,14/6/2020,40604,407,384.857,26,0,0.143,7445.357,74.63,70.569,4.767,0,0.026,0.79,12350,2.265,0.031,32.1,65.74,40604,65.74
SGP,Asia,Singapore,15/6/2020,40818,214,360.286,26,0,0.143,7484.597,39.24,66.064,4.767,0,0.026,0.74,12499,2.292,0.029,34.7,65.74,40818,65.74
SGP,Asia,Singapore,16/6/2020,40969,151,350.714,26,0,0.143,7512.285,27.688,64.309,4.767,0,0.026,0.69,12921,2.369,0.027,36.8,65.74,40969,65.74
SGP,Asia,Singapore,17/6/2020,41216,247,321.571,26,0,0.143,7557.577,45.291,58.965,4.767,0,0.026,0.69,13343,2.447,0.024,41.5,65.74,41216,65.74
SGP,Asia,Singapore,18/6/2020,41473,257,298,26,0,0.143,7604.701,47.125,54.643,4.767,0,0.026,0.69,13765,2.524,0.022,46.2,65.74,41473,65.74
SGP,Asia,Singapore,19/6/2020,41615,142,252.143,26,0,0.143,7630.739,26.038,46.234,4.767,0,0.026,0.68,14187,2.601,0.018,56.3,56.48,41615,56.48
SGP,Asia,Singapore,20/6/2020,41833,218,233.714,26,0,0,7670.713,39.974,42.855,4.767,0,0,0.71,14609,2.679,0.016,62.5,50.93,41833,50.93
SGP,Asia,Singapore,21/6/2020,42095,262,213,26,0,0,7718.755,48.042,39.057,4.767,0,0,0.73,15031,2.756,0.014,70.6,50.93,42095,50.93
SGP,Asia,Singapore,22/6/2020,42313,218,213.571,26,0,0,7758.728,39.974,39.162,4.767,0,0,0.74,15453,2.834,0.014,72.4,50.93,42313,50.93
SGP,Asia,Singapore,23/6/2020,42432,119,209,26,0,0,7780.549,21.82,38.323,4.767,0,0,0.72,14743,2.703,0.014,70.5,50.93,42432,50.93
SGP,Asia,Singapore,24/6/2020,42623,191,201,26,0,0,7815.571,35.023,36.856,4.767,0,0,0.74,14033,2.573,0.014,69.8,50.93,42623,50.93
SGP,Asia,Singapore,25/6/2020,42736,113,180.429,26,0,0,7836.292,20.72,33.084,4.767,0,0,0.78,13323,2.443,0.014,73.8,50.93,42736,50.93
SGP,Asia,Singapore,26/6/2020,42955,219,191.429,26,0,0,7876.449,40.157,35.101,4.767,0,0,0.85,12613,2.313,0.015,65.9,50.93,42955,50.93
SGP,Asia,Singapore,27/6/2020,43246,291,201.857,26,0,0,7929.808,53.359,37.014,4.767,0,0,0.91,11904,2.183,0.017,59,50.93,43246,50.93
SGP,Asia,Singapore,28/6/2020,43459,213,194.857,26,0,0,7968.865,39.057,35.73,4.767,0,0,0.91,11194,2.053,0.017,57.4,50.93,43459,50.93
SGP,Asia,Singapore,29/6/2020,43661,202,192.571,26,0,0,8005.904,37.04,35.311,4.767,0,0,0.92,10484,1.922,0.018,54.4,50.93,43661,50.93
SGP,Asia,Singapore,30/6/2020,43907,246,210.714,26,0,0,8051.012,45.108,38.638,4.767,0,0,0.92,11204,2.054,0.019,53.2,50.93,43907,50.93
SGP,Asia,Singapore,1/7/2020,44122,215,214.143,26,0,0,8090.436,39.424,39.266,4.767,0,0,0.89,11924,2.186,0.018,55.7,50.93,44122,50.93
SGP,Asia,Singapore,2/7/2020,44310,188,224.857,26,0,0,8124.908,34.473,41.231,4.767,0,0,0.87,12644,2.318,0.018,56.2,50.93,44310,50.93
SGP,Asia,Singapore,3/7/2020,44479,169,217.714,26,0,0,8155.897,30.989,39.921,4.767,0,0,0.85,13364,2.45,0.016,61.4,50.93,44479,50.93
SGP,Asia,Singapore,4/7/2020,44664,185,202.571,26,0,0,8189.82,33.923,37.145,4.767,0,0,0.85,14084,2.583,0.014,69.5,56.48,44664,56.48
SGP,Asia,Singapore,5/7/2020,44800,136,191.571,26,0,0,8214.757,24.938,35.128,4.767,0,0,0.85,14804,2.715,0.013,77.3,50.93,44800,50.93
SGP,Asia,Singapore,6/7/2020,44983,183,188.857,26,0,0,8248.313,33.556,34.63,4.767,0,0,0.87,15524,2.847,0.012,82.2,50.93,44983,50.93
SGP,Asia,Singapore,7/7/2020,45140,157,176.143,26,0,0,8277.101,28.788,32.298,4.767,0,0,0.87,16227,2.975,0.011,92.1,50.93,45140,50.93
SGP,Asia,Singapore,8/7/2020,45298,158,168,26,0,0,8306.073,28.972,30.805,4.767,0,0,0.9,16930,3.104,0.01,100.8,50.93,45298,50.93
SGP,Asia,Singapore,9/7/2020,45423,125,159,26,0,0,8328.994,22.921,29.155,4.767,0,0,0.94,17633,3.233,0.009,110.9,50.93,45423,50.93
SGP,Asia,Singapore,10/7/2020,45614,191,162.143,26,0,0,8364.016,35.023,29.731,4.767,0,0,1.01,18336,3.362,0.009,113.1,50.93,45614,50.93
SGP,Asia,Singapore,11/7/2020,45783,169,159.857,26,0,0,8395.005,30.989,29.312,4.767,0,0,1.07,19039,3.491,0.008,119.1,50.93,45783,50.93
SGP,Asia,Singapore,12/7/2020,45961,178,165.857,26,0,0,8427.644,32.639,30.412,4.767,0,0,1.16,19742,3.62,0.008,119,50.93,45961,50.93
SGP,Asia,Singapore,13/7/2020,46283,322,185.714,26,0,0,8486.688,59.044,34.054,4.767,0,0,1.26,20445,3.749,0.009,110.1,50.93,46283,50.93
SGP,Asia,Singapore,14/7/2020,46630,347,212.857,27,1,0.143,8550.315,63.628,39.031,4.951,0.183,0.026,1.27,20801,3.814,0.01,97.7,50.93,46630,50.93
SGP,Asia,Singapore,15/7/2020,46878,248,225.714,27,0,0.143,8595.79,45.475,41.388,4.951,0,0.026,1.23,21156,3.879,0.011,93.7,50.93,46878,50.93
SGP,Asia,Singapore,16/7/2020,47126,248,243.286,27,0,0.143,8641.264,45.475,44.61,4.951,0,0.026,1.21,21511,3.944,0.011,88.4,50.93,47126,50.93
SGP,Asia,Singapore,17/7/2020,47453,327,262.714,27,0,0.143,8701.225,59.96,48.173,4.951,0,0.026,1.2,21866,4.009,0.012,83.2,50.93,47453,50.93
SGP,Asia,Singapore,18/7/2020,47655,202,267.429,27,0,0.143,8738.265,37.04,49.037,4.951,0,0.026,1.16,22221,4.075,0.012,83.1,50.93,47655,50.93
SGP,Asia,Singapore,19/7/2020,47912,257,278.714,27,0,0.143,8785.389,47.125,51.106,4.951,0,0.026,1.16,22576,4.14,0.012,81,50.93,47912,50.93
SGP,Asia,Singapore,20/7/2020,48035,123,250.286,27,0,0.143,8807.943,22.554,45.894,4.951,0,0.026,1.16,22931,4.205,0.011,91.6,50.93,48035,50.93
SGP,Asia,Singapore,21/7/2020,48434,399,257.714,27,0,0,8881.106,73.163,47.256,4.951,0,0,1.24,22738,4.169,0.011,88.2,50.93,48434,50.93
SGP,Asia,Singapore,22/7/2020,48744,310,266.571,27,0,0,8937.949,56.843,48.88,4.951,0,0,1.26,22544,4.134,0.012,84.6,50.93,48744,50.93
SGP,Asia,Singapore,23/7/2020,49098,354,281.714,27,0,0,9002.86,64.911,51.657,4.951,0,0,1.29,22351,4.098,0.013,79.3,50.93,49098,50.93
SGP,Asia,Singapore,24/7/2020,49375,277,274.571,27,0,0,9053.653,50.792,50.347,4.951,0,0,1.3,22158,4.063,0.012,80.7,50.93,49375,50.93
SGP,Asia,Singapore,25/7/2020,49888,513,319,27,0,0,9147.719,94.066,58.493,4.951,0,0,1.35,21964,4.027,0.015,68.9,50.93,49888,50.93
SGP,Asia,Singapore,26/7/2020,50369,481,351,27,0,0,9235.918,88.199,64.361,4.951,0,0,1.32,21771,3.992,0.016,62,50.93,50369,50.93
SGP,Asia,Singapore,27/7/2020,50838,469,400.429,27,0,0,9321.916,85.998,73.425,4.951,0,0,1.26,21578,3.957,0.019,53.9,50.93,50838,50.93
SGP,Asia,Singapore,28/7/2020,51197,359,394.714,27,0,0,9387.744,65.828,72.377,4.951,0,0,1.16,21623,3.965,0.018,54.8,50.93,51197,50.93
SGP,Asia,Singapore,29/7/2020,51531,334,398.143,27,0,0,9448.988,61.244,73.006,4.951,0,0,1.08,21669,3.973,0.018,54.4,50.93,51531,50.93
SGP,Asia,Singapore,30/7/2020,51809,278,387.286,27,0,0,9499.963,50.976,71.015,4.951,0,0,1.05,21715,3.982,0.018,56.1,50.93,51809,50.93
SGP,Asia,Singapore,31/7/2020,52205,396,404.286,27,0,0,9572.576,72.613,74.132,4.951,0,0,1.04,21760,3.99,0.019,53.8,50.93,52205,50.93
SGP,Asia,Singapore,1/8/2020,52512,307,374.857,27,0,0,9628.869,56.293,68.736,4.951,0,0,1.02,21806,3.998,0.017,58.2,50.93,52512,50.93
SGP,Asia,Singapore,2/8/2020,52825,313,350.857,27,0,0,9686.262,57.393,64.335,4.951,0,0,1.01,21851,4.007,0.016,62.3,50.93,52825,50.93
SGP,Asia,Singapore,3/8/2020,53051,226,316.143,27,0,0,9727.703,41.441,57.97,4.951,0,0,1.01,21897,4.015,0.014,69.3,50.93,53051,50.93
SGP,Asia,Singapore,4/8/2020,53346,295,307,27,0,0,9781.796,54.093,56.293,4.951,0,0,1.05,21207,3.889,0.014,69.1,56.48,53346,56.48
SGP,Asia,Singapore,5/8/2020,54254,908,389,27,0,0,9948.291,166.496,71.329,4.951,0,0,1.1,20517,3.762,0.019,52.7,50.93,54254,50.93
SGP,Asia,Singapore,6/8/2020,54555,301,392.286,27,0,0,10003.484,55.193,71.932,4.951,0,0,0.95,19827,3.636,0.02,50.5,50.93,54555,50.93
SGP,Asia,Singapore,7/8/2020,54797,242,370.286,27,0,0,10047.858,44.374,67.897,4.951,0,0,0.81,19137,3.509,0.019,51.7,50.93,54797,50.93
SGP,Asia,Singapore,8/8/2020,54929,132,345.286,27,0,0,10072.062,24.204,63.313,4.951,0,0,0.69,18447,3.383,0.019,53.4,50.93,54929,50.93
SGP,Asia,Singapore,9/8/2020,55104,175,325.571,27,0,0,10104.151,32.089,59.698,4.951,0,0,0.62,17757,3.256,0.018,54.5,50.93,55104,50.93
SGP,Asia,Singapore,10/8/2020,55292,188,320.143,27,0,0,10138.624,34.473,58.703,4.951,0,0,0.56,17067,3.129,0.019,53.3,50.93,55292,50.93
SGP,Asia,Singapore,11/8/2020,55353,61,286.714,27,0,0,10149.809,11.185,52.573,4.951,0,0,0.48,17067,3.129,0.017,59.5,50.93,55353,50.93
SGP,Asia,Singapore,12/8/2020,55395,42,163,27,0,0,10157.511,7.701,29.889,4.951,0,0,0.43,17384,3.188,0.009,106.7,50.93,55395,50.93
SGP,Asia,Singapore,13/8/2020,55497,102,134.571,27,0,0,10176.214,18.703,24.676,4.951,0,0,0.45,17702,3.246,0.008,131.5,50.93,55497,50.93
SGP,Asia,Singapore,14/8/2020,55580,83,111.857,27,0,0,10191.433,15.219,20.511,4.951,0,0,0.46,18019,3.304,0.006,161.1,50.93,55580,50.93
SGP,Asia,Singapore,15/8/2020,55661,81,104.571,27,0,0,10206.286,14.853,19.175,4.951,0,0,0.49,18337,3.362,0.006,175.4,50.93,55661,50.93
SGP,Asia,Singapore,16/8/2020,55747,86,91.857,27,0,0,10222.055,15.769,16.843,4.951,0,0,0.52,18654,3.42,0.005,203.1,50.93,55747,50.93
SGP,Asia,Singapore,17/8/2020,55838,91,78,27,0,0,10238.741,16.686,14.302,4.951,0,0,0.55,18971,3.479,0.004,243.2,50.93,55838,50.93
SGP,Asia,Singapore,18/8/2020,55938,100,83.571,27,0,0,10257.078,18.337,15.324,4.951,0,0,0.57,19289,3.537,0.004,230.8,50.93,55938,50.93
SGP,Asia,Singapore,19/8/2020,56031,93,90.857,27,0,0,10274.131,17.053,16.66,4.951,0,0,0.57,18602,3.411,0.005,204.7,56.48,56031,56.48
SGP,Asia,Singapore,20/8/2020,56099,68,86,27,0,0,10286.6,12.469,15.769,4.951,0,0,0.59,17915,3.285,0.005,208.3,50.93,56099,50.93
SGP,Asia,Singapore,21/8/2020,56216,117,90.857,27,0,0,10308.053,21.454,16.66,4.951,0,0,0.61,17228,3.159,0.005,189.6,50.93,56216,50.93
SGP,Asia,Singapore,22/8/2020,56266,50,86.429,27,0,0,10317.222,9.168,15.848,4.951,0,0,0.6,16541,3.033,0.005,191.4,50.93,56266,50.93
SGP,Asia,Singapore,23/8/2020,56353,87,86.571,27,0,0,10333.174,15.953,15.874,4.951,0,0,0.61,15855,2.907,0.005,183.1,50.93,56353,50.93
SGP,Asia,Singapore,24/8/2020,56404,51,80.857,27,0,0,10342.526,9.352,14.826,4.951,0,0,0.6,15168,2.781,0.005,187.6,50.93,56404,50.93
SGP,Asia,Singapore,25/8/2020,56435,31,71,27,0,0,10348.21,5.684,13.019,4.951,0,0,0.59,17218,3.157,0.004,242.5,50.93,56435,50.93
SGP,Asia,Singapore,26/8/2020,56495,60,66.286,27,0,0,10359.212,11.002,12.154,4.951,0,0,0.63,19955,3.659,0.003,301,50.93,56495,50.93
SGP,Asia,Singapore,27/8/2020,56572,77,67.571,27,0,0,10373.331,14.119,12.39,4.951,0,0,0.67,22691,4.161,0.003,335.8,50.93,56572,50.93
SGP,Asia,Singapore,28/8/2020,56666,94,64.286,27,0,0,10390.568,17.236,11.788,4.951,0,0,0.69,25428,4.663,0.003,395.5,50.93,56666,50.93
SGP,Asia,Singapore,29/8/2020,56717,51,64.429,27,0,0,10399.919,9.352,11.814,4.951,0,0,0.67,28165,5.164,0.002,437.1,56.48,56717,56.48
SGP,Asia,Singapore,30/8/2020,56771,54,59.714,27,0,0,10409.821,9.902,10.95,4.951,0,0,0.65,30902,5.666,0.002,517.5,50.93,56771,50.93
SGP,Asia,Singapore,31/8/2020,56812,41,58.286,27,0,0,10417.339,7.518,10.688,4.951,0,0,0.62,33639,6.168,0.002,577.1,50.93,56812,50.93
SGP,Asia,Singapore,1/9/2020,56852,40,59.571,27,0,0,10424.674,7.335,10.923,4.951,0,0,0.6,33176,6.083,0.002,556.9,50.93,56852,50.93
SGP,Asia,Singapore,2/9/2020,56860,8,52.143,27,0,0,10426.141,1.467,9.561,4.951,0,0,0.58,32714,5.999,0.002,627.4,50.93,56860,50.93
SGP,Asia,Singapore,3/9/2020,56908,48,48,27,0,0,10434.942,8.802,8.802,4.951,0,0,0.64,32252,5.914,0.001,671.9,50.93,56908,50.93
SGP,Asia,Singapore,4/9/2020,56948,40,40.286,27,0,0,10442.277,7.335,7.387,4.951,0,0,0.68,31790,5.829,0.001,789.1,50.93,56948,50.93
SGP,Asia,Singapore,5/9/2020,56982,34,37.857,27,0,0,10448.511,6.234,6.942,4.951,0,0,0.73,31327,5.744,0.001,827.5,50.93,56982,50.93
SGP,Asia,Singapore,6/9/2020,57022,40,35.857,27,0,0,10455.846,7.335,6.575,4.951,0,0,0.78,30865,5.66,0.001,860.8,50.93,57022,50.93
SGP,Asia,Singapore,7/9/2020,57044,22,33.143,27,0,0,10459.88,4.034,6.077,4.951,0,0,0.84,30403,5.575,0.001,917.3,50.93,57044,50.93
SGP,Asia,Singapore,8/9/2020,57091,47,34.143,27,0,0,10468.498,8.618,6.261,4.951,0,0,0.93,29934,5.489,0.001,876.7,50.93,57091,50.93
SGP,Asia,Singapore,9/9/2020,57166,75,43.714,27,0,0,10482.25,13.752,8.016,4.951,0,0,1.02,29465,5.403,0.001,674,50.93,57166,50.93
SGP,Asia,Singapore,10/9/2020,57229,63,45.857,27,0,0,10493.802,11.552,8.409,4.951,0,0,1.04,28996,5.317,0.002,632.3,50.93,57229,50.93
SGP,Asia,Singapore,11/9/2020,57315,86,52.429,27,0,0,10509.572,15.769,9.614,4.951,0,0,1.02,28528,5.231,0.002,544.1,50.93,57315,50.93
SGP,Asia,Singapore,12/9/2020,57357,42,53.571,27,0,0,10517.273,7.701,9.823,4.951,0,0,0.94,28059,5.145,0.002,523.8,50.93,57357,50.93
SGP,Asia,Singapore,13/9/2020,57406,49,54.857,27,0,0,10526.258,8.985,10.059,4.951,0,0,0.88,27590,5.059,0.002,502.9,50.93,57406,50.93
SGP,Asia,Singapore,14/9/2020,57454,48,58.571,27,0,0,10535.059,8.802,10.74,4.951,0,0,0.8,27121,4.973,0.002,463,56.48,57454,56.48
SGP,Asia,Singapore,15/9/2020,57488,34,56.714,27,0,0,10541.294,6.234,10.399,4.951,0,0,0.7,27121,4.973,0.002,478.2,50.93,57488,50.93
SGP,Asia,Singapore,16/9/2020,57514,26,49.714,27,0,0,10546.061,4.767,9.116,4.951,0,0,0.62,27865,5.109,0.002,560.5,50.93,57514,50.93
SGP,Asia,Singapore,17/9/2020,57532,18,43.286,27,0,0,10549.362,3.301,7.937,4.951,0,0,0.56,28609,5.246,0.002,660.9,50.93,57532,50.93
SGP,Asia,Singapore,18/9/2020,57543,11,32.571,27,0,0,10551.379,2.017,5.972,4.951,0,0,0.54,29353,5.382,0.001,901.2,50.93,57543,50.93
SGP,Asia,Singapore,19/9/2020,57558,15,28.714,27,0,0,10554.129,2.75,5.265,4.951,0,0,0.56,30097,5.519,0.001,1048.2,50.93,57558,50.93
SGP,Asia,Singapore,20/9/2020,57576,18,24.286,27,0,0,10557.43,3.301,4.453,4.951,0,0,0.59,30841,5.655,0.001,1269.9,50.93,57576,50.93
SGP,Asia,Singapore,21/9/2020,57606,30,21.714,27,0,0,10562.931,5.501,3.982,4.951,0,0,0.62,31585,5.792,0.001,1454.6,50.93,57606,50.93
SGP,Asia,Singapore,22/9/2020,57627,21,19.857,27,0,0,10566.782,3.851,3.641,4.951,0,0,0.6,31660,5.805,0.001,1594.4,50.93,57627,50.93
SGP,Asia,Singapore,23/9/2020,57639,12,17.857,27,0,0,10568.982,2.2,3.274,4.951,0,0,0.58,30990,5.682,0.001,1735.5,50.93,57639,50.93
SGP,Asia,Singapore,24/9/2020,57654,15,17.429,27,0,0,10571.732,2.75,3.196,4.951,0,0,0.6,30321,5.56,0.001,1739.7,50.93,57654,50.93
SGP,Asia,Singapore,25/9/2020,57665,11,17.429,27,0,0,10573.749,2.017,3.196,4.951,0,0,0.63,29651,5.437,0.001,1701.2,50.93,57665,50.93
SGP,Asia,Singapore,26/9/2020,57685,20,18.143,27,0,0,10577.417,3.667,3.327,4.951,0,0,0.69,28982,5.314,0.001,1597.4,50.93,57685,50.93
SGP,Asia,Singapore,27/9/2020,57700,15,17.714,27,0,0,10580.167,2.75,3.248,4.951,0,0,0.72,28312,5.191,0.001,1598.3,50.93,57700,50.93
SGP,Asia,Singapore,28/9/2020,57715,15,15.571,27,0,0,10582.918,2.75,2.855,4.951,0,0,0.76,27643,5.069,0.001,1775.3,56.48,57715,56.48
SGP,Asia,Singapore,29/9/2020,57742,27,16.429,27,0,0,10587.869,4.951,3.012,4.951,0,0,0.79,27506,5.044,0.001,1674.2,50.93,57742,50.93
SGP,Asia,Singapore,30/9/2020,57765,23,18,27,0,0,10592.086,4.217,3.301,4.951,0,0,0.77,27370,5.019,0.001,1520.6,50.93,57765,50.93
SGP,Asia,Singapore,1/10/2020,57784,19,18.571,27,0,0,10595.57,3.484,3.405,4.951,0,0,0.72,27234,4.994,0.001,1466.5,45.37,57784,45.37
SGP,Asia,Singapore,2/10/2020,57794,10,18.429,27,0,0,10597.404,1.834,3.379,4.951,0,0,0.66,27098,4.969,0.001,1470.4,45.37,57794,45.37
SGP,Asia,Singapore,3/10/2020,57800,6,16.429,27,0,0,10598.504,1.1,3.012,4.951,0,0,0.62,26961,4.944,0.001,1641.1,50.93,57800,50.93
SGP,Asia,Singapore,4/10/2020,57812,12,16,27,0,0,10600.704,2.2,2.934,4.951,0,0,0.62,26825,4.919,0.001,1676.6,45.37,57812,45.37
SGP,Asia,Singapore,5/10/2020,57819,7,14.857,27,0,0,10601.988,1.284,2.724,4.951,0,0,0.62,26689,4.894,0.001,1796.4,45.37,57819,45.37
SGP,Asia,Singapore,6/10/2020,57830,11,12.571,27,0,0,10604.005,2.017,2.305,4.951,0,0,0.61,27324,5.01,0,2173.6,45.37,57830,45.37
SGP,Asia,Singapore,7/10/2020,57840,10,10.714,27,0,0,10605.838,1.834,1.965,4.951,0,0,0.61,27958,5.127,0,2609.5,45.37,57840,45.37
SGP,Asia,Singapore,8/10/2020,57849,9,9.286,27,0,0,10607.489,1.65,1.703,4.951,0,0,0.62,28593,5.243,0,3079.2,45.37,57849,45.37
SGP,Asia,Singapore,9/10/2020,57859,10,9.286,27,0,0,10609.322,1.834,1.703,4.951,0,0,0.62,29228,5.359,0,3147.5,45.37,57859,45.37
SGP,Asia,Singapore,10/10/2020,57866,7,9.429,27,0,0,10610.606,1.284,1.729,4.951,0,0,0.62,29862,5.476,0,3167,45.37,57866,45.37
SGP,Asia,Singapore,11/10/2020,57876,10,9.143,27,0,0,10612.439,1.834,1.676,4.951,0,0,0.62,30497,5.592,0,3335.6,45.37,57876,45.37
SGP,Asia,Singapore,12/10/2020,57880,4,8.714,28,1,0.143,10613.173,0.733,1.598,5.134,0.183,0.026,0.59,31132,5.709,0,3572.6,45.37,57880,45.37
SGP,Asia,Singapore,13/10/2020,57884,4,7.714,28,0,0.143,10613.906,0.733,1.415,5.134,0,0.026,0.56,30684,5.626,0,3977.7,45.37,57884,45.37
SGP,Asia,Singapore,14/10/2020,57889,5,7,28,0,0.143,10614.823,0.917,1.284,5.134,0,0.026,0.57,30236,5.544,0,4319.4,45.37,57889,45.37
SGP,Asia,Singapore,15/10/2020,57892,3,6.143,28,0,0.143,10615.373,0.55,1.126,5.134,0,0.026,0.62,29788,5.462,0,4849.1,45.37,57892,45.37
SGP,Asia,Singapore,16/10/2020,57901,9,6,28,0,0.143,10617.024,1.65,1.1,5.134,0,0.026,0.7,29340,5.38,0,4890,45.37,57901,45.37
SGP,Asia,Singapore,17/10/2020,57904,3,5.429,28,0,0.143,10617.574,0.55,0.995,5.134,0,0.026,0.73,28892,5.298,0,5321.8,45.37,57904,45.37
SGP,Asia,Singapore,18/10/2020,57911,7,5,28,0,0.143,10618.857,1.284,0.917,5.134,0,0.026,0.81,28444,5.216,0,5688.8,45.37,57911,45.37
SGP,Asia,Singapore,19/10/2020,57915,4,5,28,0,0,10619.591,0.733,0.917,5.134,0,0,0.87,27996,5.133,0,5599.2,45.37,57915,45.37
SGP,Asia,Singapore,20/10/2020,57921,6,5.286,28,0,0,10620.691,1.1,0.969,5.134,0,0,0.94,27950,5.125,0,5287.6,45.37,57921,45.37
SGP,Asia,Singapore,21/10/2020,57933,12,6.286,28,0,0,10622.891,2.2,1.153,5.134,0,0,1.03,27905,5.117,0,4439.2,45.37,57933,45.37
SGP,Asia,Singapore,22/10/2020,57941,8,7,28,0,0,10624.358,1.467,1.284,5.134,0,0,1.06,27859,5.108,0,3979.9,50.93,57941,50.93
SGP,Asia,Singapore,23/10/2020,57951,10,7.143,28,0,0,10626.192,1.834,1.31,5.134,0,0,1.08,27814,5.1,0,3893.9,45.37,57951,45.37
SGP,Asia,Singapore,24/10/2020,57965,14,8.714,28,0,0,10628.759,2.567,1.598,5.134,0,0,1.07,27768,5.092,0,3186.6,45.37,57965,45.37
SGP,Asia,Singapore,25/10/2020,57970,5,8.429,28,0,0,10629.676,0.917,1.546,5.134,0,0,0.98,27723,5.083,0,3289,45.37,57970,45.37
SGP,Asia,Singapore,26/10/2020,57973,3,8.286,28,0,0,10630.226,0.55,1.519,5.134,0,0,0.93,27677,5.075,0,3340.2,45.37,57973,45.37
SGP,Asia,Singapore,27/10/2020,57980,7,8.429,28,0,0,10631.509,1.284,1.546,5.134,0,0,0.91,27786,5.095,0,3296.5,45.37,57980,45.37
SGP,Asia,Singapore,28/10/2020,57987,7,7.714,28,0,0,10632.793,1.284,1.415,5.134,0,0,0.92,27894,5.115,0,3616,45.37,57987,45.37
SGP,Asia,Singapore,29/10/2020,57994,7,7.571,28,0,0,10634.077,1.284,1.388,5.134,0,0,0.96,28002,5.135,0,3698.6,45.37,57994,45.37
SGP,Asia,Singapore,30/10/2020,58003,9,7.429,28,0,0,10635.727,1.65,1.362,5.134,0,0,0.99,28111,5.155,0,3784,45.37,58003,45.37
SGP,Asia,Singapore,31/10/2020,58015,12,7.143,28,0,0,10637.927,2.2,1.31,5.134,0,0,0.99,28219,5.174,0,3950.6,45.37,58015,45.37
SGP,Asia,Singapore,1/11/2020,58019,4,7,28,0,0,10638.661,0.733,1.284,5.134,0,0,0.92,28328,5.194,0,4046.9,50.93,58019,50.93
SGP,Asia,Singapore,2/11/2020,58020,1,6.714,28,0,0,10638.844,0.183,1.231,5.134,0,0,0.88,28436,5.214,0,4235.3,45.37,58020,45.37
SGP,Asia,Singapore,3/11/2020,58029,9,7,28,0,0,10640.494,1.65,1.284,5.134,0,0,0.91,28207,5.172,0,4029.6,45.37,58029,45.37
SGP,Asia,Singapore,4/11/2020,58036,7,7,28,0,0,10641.778,1.284,1.284,5.134,0,0,0.92,27979,5.13,0,3997,45.37,58036,45.37
SGP,Asia,Singapore,5/11/2020,58043,7,7,28,0,0,10643.061,1.284,1.284,5.134,0,0,0.94,27750,5.088,0,3964.3,45.37,58043,45.37
SGP,Asia,Singapore,6/11/2020,58047,4,6.286,28,0,0,10643.795,0.733,1.153,5.134,0,0,0.94,27521,5.046,0,4378.1,45.37,58047,45.37
SGP,Asia,Singapore,7/11/2020,58054,7,5.571,28,0,0,10645.078,1.284,1.022,5.134,0,0,0.99,27292,5.004,0,4898.9,45.37,58054,45.37
SGP,Asia,Singapore,8/11/2020,58056,2,5.286,28,0,0,10645.445,0.367,0.969,5.134,0,0,1.04,27064,4.963,0,5119.9,45.37,58056,45.37
SGP,Asia,Singapore,9/11/2020,58064,8,6.286,28,0,0,10646.912,1.467,1.153,5.134,0,0,1.16,26835,4.921,0,4269,45.37,58064,45.37
SGP,Asia,Singapore,10/11/2020,58073,9,6.286,28,0,0,10648.562,1.65,1.153,5.134,0,0,1.23,26287,4.82,0,4181.8,45.37,58073,45.37
SGP,Asia,Singapore,11/11/2020,58091,18,7.857,28,0,0,10651.863,3.301,1.441,5.134,0,0,1.3,25738,4.719,0,3275.8,45.37,58091,45.37
SGP,Asia,Singapore,12/11/2020,58102,11,8.429,28,0,0,10653.88,2.017,1.546,5.134,0,0,1.21,25190,4.619,0,2988.5,45.37,58102,45.37
SGP,Asia,Singapore,13/11/2020,58114,12,9.571,28,0,0,10656.08,2.2,1.755,5.134,0,0,1.09,24642,4.518,0,2574.7,45.37,58114,45.37
SGP,Asia,Singapore,14/11/2020,58116,2,8.857,28,0,0,10656.447,0.367,1.624,5.134,0,0,0.93,24094,4.418,0,2720.3,45.37,58116,45.37
SGP,Asia,Singapore,15/11/2020,58119,3,9,28,0,0,10656.997,0.55,1.65,5.134,0,0,0.86,23545,4.317,0,2616.1,45.37,58119,45.37
SGP,Asia,Singapore,16/11/2020,58124,5,8.571,28,0,0,10657.914,0.917,1.572,5.134,0,0,0.84,22997,4.217,0,2683.1,45.37,58124,45.37
SGP,Asia,Singapore,17/11/2020,58130,6,8.143,28,0,0,10659.014,1.1,1.493,5.134,0,0,0.81,24206,4.439,0,2972.6,45.37,58130,45.37
SGP,Asia,Singapore,18/11/2020,58135,5,6.286,28,0,0,10659.931,0.917,1.153,5.134,0,0,0.83,25416,4.66,0,4043.3,45.37,58135,45.37
SGP,Asia,Singapore,19/11/2020,58139,4,5.286,28,0,0,10660.665,0.733,0.969,5.134,0,0,0.87,26625,4.882,0,5036.9,45.37,58139,45.37
SGP,Asia,Singapore,20/11/2020,58143,4,4.143,28,0,0,10661.398,0.733,0.76,5.134,0,0,0.95,27834,5.104,0,6718.3,45.37,58143,45.37
SGP,Asia,Singapore,21/11/2020,58148,5,4.571,28,0,0,10662.315,0.917,0.838,5.134,0,0,1.06,29043,5.325,0,6353.8,45.37,58148,45.37
SGP,Asia,Singapore,22/11/2020,58160,12,5.857,28,0,0,10664.515,2.2,1.074,5.134,0,0,1.19,30253,5.547,0,5165.3,45.37,58160,45.37
SGP,Asia,Singapore,23/11/2020,58165,5,5.857,28,0,0,10665.432,0.917,1.074,5.134,0,0,1.2,31462,5.769,0,5371.7,45.37,58165,45.37
SGP,Asia,Singapore,24/11/2020,58183,18,7.571,28,0,0,10668.733,3.301,1.388,5.134,0,0,1.23,31268,5.733,0,4130,45.37,58183,45.37
SGP,Asia,Singapore,25/11/2020,58190,7,7.857,28,0,0,10670.016,1.284,1.441,5.134,0,0,1.1,31075,5.698,0,3955.1,45.37,58190,45.37
SGP,Asia,Singapore,26/11/2020,58195,5,8,28,0,0,10670.933,0.917,1.467,5.134,0,0,1,30881,5.662,0,3860.1,45.37,58195,45.37
SGP,Asia,Singapore,27/11/2020,58199,4,8,28,0,0,10671.666,0.733,1.467,5.134,0,0,0.97,30688,5.627,0,3836,45.37,58199,45.37
SGP,Asia,Singapore,28/11/2020,58205,6,8.143,29,1,0.143,10672.767,1.1,1.493,5.318,0.183,0.026,0.97,30494,5.592,0,3744.8,45.37,58205,45.37
SGP,Asia,Singapore,29/11/2020,58213,8,7.571,29,0,0.143,10674.234,1.467,1.388,5.318,0,0.026,1,30300,5.556,0,4002.1,45.37,58213,45.37
SGP,Asia,Singapore,30/11/2020,58218,5,7.571,29,0,0.143,10675.15,0.917,1.388,5.318,0,0.026,1,30107,5.521,0,3976.6,45.37,58218,45.37
SGP,Asia,Singapore,1/12/2020,58228,10,6.429,29,0,0.143,10676.984,1.834,1.179,5.318,0,0.026,0.99,29388,5.389,0,4571.2,45.37,58228,45.37
SGP,Asia,Singapore,2/12/2020,58230,2,5.714,29,0,0.143,10677.351,0.367,1.048,5.318,0,0.026,0.98,28669,5.257,0,5017.3,45.37,58230,45.37
SGP,Asia,Singapore,3/12/2020,58239,9,6.286,29,0,0.143,10679.001,1.65,1.153,5.318,0,0.026,1.05,27950,5.125,0,4446.4,50.93,58239,50.93
SGP,Asia,Singapore,4/12/2020,58242,3,6.143,29,0,0.143,10679.551,0.55,1.126,5.318,0,0.026,1.09,27230,4.993,0,4432.7,45.37,58242,45.37
SGP,Asia,Singapore,5/12/2020,58255,13,7.143,29,0,0,10681.935,2.384,1.31,5.318,0,0,1.19,26511,4.861,0,3711.5,45.37,58255,45.37
SGP,Asia,Singapore,6/12/2020,58260,5,6.714,29,0,0,10682.852,0.917,1.231,5.318,0,0,1.2,25792,4.729,0,3841.5,45.37,58260,45.37
SGP,Asia,Singapore,7/12/2020,58273,13,7.857,29,0,0,10685.235,2.384,1.441,5.318,0,0,1.24,25073,4.598,0,3191.2,45.37,58273,45.37
SGP,Asia,Singapore,8/12/2020,58285,12,8.143,29,0,0,10687.436,2.2,1.493,5.318,0,0,1.17,25505,4.677,0,3132.1,45.37,58285,45.37
SGP,Asia,Singapore,9/12/2020,58291,6,8.714,29,0,0,10688.536,1.1,1.598,5.318,0,0,1.1,25938,4.756,0,2976.6,45.37,58291,45.37
SGP,Asia,Singapore,10/12/2020,58297,6,8.286,29,0,0,10689.636,1.1,1.519,5.318,0,0,1.07,26370,4.835,0,3182.5,45.37,58297,45.37
SGP,Asia,Singapore,11/12/2020,58305,8,9,29,0,0,10691.103,1.467,1.65,5.318,0,0,1.12,26802,4.915,0,2978,45.37,58305,45.37
SGP,Asia,Singapore,12/12/2020,58313,8,8.286,29,0,0,10692.57,1.467,1.519,5.318,0,0,1.14,27235,4.994,0,3286.9,45.37,58313,45.37
SGP,Asia,Singapore,13/12/2020,58320,7,8.571,29,0,0,10693.854,1.284,1.572,5.318,0,0,1.19,27667,5.073,0,3228,45.37,58320,45.37
SGP,Asia,Singapore,14/12/2020,58325,5,7.429,29,0,0,10694.77,0.917,1.362,5.318,0,0,1.27,28099,5.152,0,3782.3,50.93,58325,50.93
SGP,Asia,Singapore,15/12/2020,58341,16,8,29,0,0,10697.704,2.934,1.467,5.318,0,0,1.39,28277,5.185,0,3534.6,50.93,58341,50.93
SGP,Asia,Singapore,16/12/2020,58353,12,8.857,29,0,0,10699.905,2.2,1.624,5.318,0,0,1.45,28455,5.218,0,3212.7,50.93,58353,50.93
SGP,Asia,Singapore,17/12/2020,58377,24,11.429,29,0,0,10704.305,4.401,2.096,5.318,0,0,1.51,28634,5.25,0,2505.4,50.93,58377,50.93
SGP,Asia,Singapore,18/12/2020,58386,9,11.571,29,0,0,10705.956,1.65,2.122,5.318,0,0,1.45,28812,5.283,0,2490,50.93,58386,50.93
SGP,Asia,Singapore,19/12/2020,58403,17,12.857,29,0,0,10709.073,3.117,2.358,5.318,0,0,1.44,28990,5.316,0,2254.8,50.93,58403,50.93
SGP,Asia,Singapore,20/12/2020,58422,19,14.571,29,0,0,10712.557,3.484,2.672,5.318,0,0,1.42,29168,5.348,0,2001.8,50.93,58422,50.93
SGP,Asia,Singapore,21/12/2020,58432,10,15.286,29,0,0,10714.39,1.834,2.803,5.318,0,0,1.38,29346,5.381,0.001,1919.8,50.93,58432,50.93
SGP,Asia,Singapore,22/12/2020,58461,29,17.143,29,0,0,10719.708,5.318,3.143,5.318,0,0,1.36,29028,5.323,0.001,1693.3,50.93,58461,50.93
SGP,Asia,Singapore,23/12/2020,58482,21,18.429,29,0,0,10723.559,3.851,3.379,5.318,0,0,1.26,28711,5.265,0.001,1557.9,50.93,58482,50.93
SGP,Asia,Singapore,24/12/2020,58495,13,16.857,29,0,0,10725.942,2.384,3.091,5.318,0,0,1.14,28393,5.206,0.001,1684.3,50.93,58495,50.93
SGP,Asia,Singapore,25/12/2020,58509,14,17.571,29,0,0,10728.51,2.567,3.222,5.318,0,0,1.08,28076,5.148,0.001,1597.9,50.93,58509,50.93
SGP,Asia,Singapore,26/12/2020,58519,10,16.571,29,0,0,10730.343,1.834,3.039,5.318,0,0,1.02,27758,5.09,0.001,1675.1,50.93,58519,50.93
SGP,Asia,Singapore,27/12/2020,58524,5,14.571,29,0,0,10731.26,0.917,2.672,5.318,0,0,1.02,27441,5.032,0.001,1883.3,50.93,58524,50.93
SGP,Asia,Singapore,28/12/2020,58529,5,13.857,29,0,0,10732.177,0.917,2.541,5.318,0,0,1.11,27123,4.973,0.001,1957.4,50.93,58529,50.93
SGP,Asia,Singapore,29/12/2020,58542,13,11.571,29,0,0,10734.561,2.384,2.122,5.318,0,0,1.25,27158,4.98,0,2347.1,45.37,58542,45.37
SGP,Asia,Singapore,30/12/2020,58569,27,12.429,29,0,0,10739.512,4.951,2.279,5.318,0,0,1.44,27192,4.986,0,2187.8,45.37,58569,45.37
SGP,Asia,Singapore,31/12/2020,58599,30,14.857,29,0,0,10745.012,5.501,2.724,5.318,0,0,1.53,27226,4.992,0.001,1832.5,45.37,58599,45.37
SGP,Asia,Singapore,1/1/2021,58629,30,17.143,29,0,0,10750.513,5.501,3.143,5.318,0,0,1.56,27260,4.999,0.001,1590.2,45.37,58629,45.37
SGP,Asia,Singapore,2/1/2021,58662,33,20.429,29,0,0,10756.564,6.051,3.746,5.318,0,0,1.54,27295,5.005,0.001,1336.1,45.37,58662,45.37
SGP,Asia,Singapore,3/1/2021,58697,35,24.714,29,0,0,10762.982,6.418,4.532,5.318,0,0,1.48,27329,5.011,0.001,1105.8,45.37,58697,45.37
SGP,Asia,Singapore,4/1/2021,58721,24,27.429,29,0,0,10767.383,4.401,5.029,5.318,0,0,1.4,27363,5.017,0.001,997.6,45.37,58721,45.37
SGP,Asia,Singapore,5/1/2021,58749,28,29.571,29,0,0,10772.517,5.134,5.422,5.318,0,0,1.33,27929,5.121,0.001,944.5,45.37,58749,45.37
SGP,Asia,Singapore,6/1/2021,58780,31,30.143,29,0,0,10778.202,5.684,5.527,5.318,0,0,1.27,28496,5.225,0.001,945.4,45.37,58780,45.37
SGP,Asia,Singapore,7/1/2021,58813,33,30.571,29,0,0,10784.253,6.051,5.606,5.318,0,0,1.23,29062,5.329,0.001,950.6,45.37,58813,45.37
SGP,Asia,Singapore,8/1/2021,58836,23,29.571,29,0,0,10788.47,4.217,5.422,5.318,0,0,1.2,29628,5.433,0.001,1001.9,45.37,58836,45.37
SGP,Asia,Singapore,9/1/2021,58865,29,29,29,0,0,10793.788,5.318,5.318,5.318,0,0,1.19,30194,5.537,0.001,1041.2,45.37,58865,45.37
SGP,Asia,Singapore,10/1/2021,58907,42,30,29,0,0,10801.489,7.701,5.501,5.318,0,0,1.19,30761,5.64,0.001,1025.4,45.37,58907,45.37
SGP,Asia,Singapore,11/1/2021,58929,22,29.714,29,0,0,10805.523,4.034,5.449,5.318,0,0,1.14,31327,5.744,0.001,1054.3,45.37,58929,45.37
SGP,Asia,Singapore,12/1/2021,58946,17,28.143,29,0,0,10808.64,3.117,5.16,5.318,0,0,1.1,31422,5.762,0.001,1116.5,45.37,58946,45.37
SGP,Asia,Singapore,13/1/2021,58984,38,29.143,29,0,0,10815.608,6.968,5.344,5.318,0,0,1.13,31518,5.779,0.001,1081.5,45.37,58984,45.37
SGP,Asia,Singapore,14/1/2021,59029,45,30.857,29,0,0,10823.859,8.251,5.658,5.318,0,0,1.13,31613,5.797,0.001,1024.5,45.37,59029,45.37
SGP,Asia,Singapore,15/1/2021,59059,30,31.857,29,0,0,10829.36,5.501,5.841,5.318,0,0,1.08,31709,5.814,0.001,995.4,50.93,59059,50.93
SGP,Asia,Singapore,16/1/2021,59083,24,31.143,29,0,0,10833.761,4.401,5.711,5.318,0,0,1.03,31804,5.832,0.001,1021.2,50.93,59083,50.93
SGP,Asia,Singapore,17/1/2021,59113,30,29.429,29,0,0,10839.262,5.501,5.396,5.318,0,0,1.01,31900,5.849,0.001,1084,50.93,59113,50.93
SGP,Asia,Singapore,18/1/2021,59127,14,28.286,29,0,0,10841.829,2.567,5.187,5.318,0,0,1,31995,5.867,0.001,1131.1,50.93,59127,50.93
SGP,Asia,Singapore,19/1/2021,59157,30,30.143,29,0,0,10847.33,5.501,5.527,5.318,0,0,1.04,32612,5.98,0.001,1081.9,50.93,59157,50.93
SGP,Asia,Singapore,20/1/2021,59197,40,30.429,29,0,0,10854.665,7.335,5.58,5.318,0,0,1.05,33230,6.093,0.001,1092.1,50.93,59197,50.93
SGP,Asia,Singapore,21/1/2021,59235,38,29.429,29,0,0,10861.633,6.968,5.396,5.318,0,0,1.02,33847,6.206,0.001,1150.1,50.93,59235,50.93
SGP,Asia,Singapore,22/1/2021,59250,15,27.286,29,0,0,10864.383,2.75,5.003,5.318,0,0,0.98,34464,6.319,0.001,1263.1,50.93,59250,50.93
SGP,Asia,Singapore,23/1/2021,59260,10,25.286,29,0,0,10866.217,1.834,4.637,5.318,0,0,0.99,35081,6.433,0.001,1387.4,50.93,59260,50.93
SGP,Asia,Singapore,24/1/2021,59308,48,27.857,29,0,0,10875.018,8.802,5.108,5.318,0,0,1.09,35698,6.546,0.001,1281.5,50.93,59308,50.93
SGP,Asia,Singapore,25/1/2021,59352,44,32.143,29,0,0,10883.086,8.068,5.894,5.318,0,0,1.1,36316,6.659,0.001,1129.8,50.93,59352,50.93
SGP,Asia,Singapore,26/1/2021,59366,14,29.857,29,0,0,10885.654,2.567,5.475,5.318,0,0,1.03,36062,6.613,0.001,1207.8,50.93,59366,50.93
SGP,Asia,Singapore,27/1/2021,59391,25,27.714,29,0,0,10890.238,4.584,5.082,5.318,0,0,1.01,35809,6.566,0.001,1292.1,50.93,59391,50.93
SGP,Asia,Singapore,28/1/2021,59425,34,27.143,29,0,0,10896.472,6.234,4.977,5.318,0,0,1.04,35555,6.52,0.001,1309.9,50.93,59425,50.93
SGP,Asia,Singapore,29/1/2021,59449,24,28.429,29,0,0,10900.873,4.401,5.213,5.318,0,0,1.06,35302,6.473,0.001,1241.8,50.93,59449,50.93
SGP,Asia,Singapore,30/1/2021,59507,58,35.286,29,0,0,10911.508,10.635,6.47,5.318,0,0,1.1,35048,6.427,0.001,993.3,50.93,59507,50.93
SGP,Asia,Singapore,31/1/2021,59536,29,32.571,29,0,0,10916.826,5.318,5.972,5.318,0,0,1.01,34795,6.38,0.001,1068.3,50.93,59536,50.93
SGP,Asia,Singapore,1/2/2021,59565,29,30.429,29,0,0,10922.143,5.318,5.58,5.318,0,0,0.95,34541,6.334,0.001,1135.1,50.93,59565,50.93
SGP,Asia,Singapore,2/2/2021,59584,19,31.143,29,0,0,10925.627,3.484,5.711,5.318,0,0,0.89,34559,6.337,0.001,1109.7,50.93,59584,50.93
SGP,Asia,Singapore,3/2/2021,59602,18,30.143,29,0,0,10928.928,3.301,5.527,5.318,0,0,0.83,34578,6.34,0.001,1147.1,50.93,59602,50.93
SGP,Asia,Singapore,4/2/2021,59624,22,28.429,29,0,0,10932.962,4.034,5.213,5.318,0,0,0.81,34596,6.344,0.001,1216.9,50.93,59624,50.93
SGP,Asia,Singapore,5/2/2021,59649,25,28.571,29,0,0,10937.546,4.584,5.239,5.318,0,0,0.82,34615,6.347,0.001,1211.5,50.93,59649,50.93
SGP,Asia,Singapore,6/2/2021,59675,26,24,29,0,0,10942.313,4.767,4.401,5.318,0,0,0.82,34633,6.35,0.001,1443,50.93,59675,50.93
SGP,Asia,Singapore,7/2/2021,59699,24,23.286,29,0,0,10946.714,4.401,4.27,5.318,0,0,0.79,34652,6.354,0.001,1488.1,50.93,59699,50.93
SGP,Asia,Singapore,8/2/2021,59721,22,22.286,29,0,0,10950.748,4.034,4.086,5.318,0,0,0.76,34670,6.357,0.001,1555.7,50.93,59721,50.93
SGP,Asia,Singapore,9/2/2021,59732,11,21.143,29,0,0,10952.765,2.017,3.877,5.318,0,0,0.71,34306,6.291,0.001,1622.6,50.93,59732,50.93
SGP,Asia,Singapore,10/2/2021,59747,15,20.714,29,0,0,10955.516,2.75,3.798,5.318,0,0,0.67,33942,6.224,0.001,1638.6,50.93,59747,50.93
SGP,Asia,Singapore,11/2/2021,59759,12,19.286,29,0,0,10957.716,2.2,3.536,5.318,0,0,0.64,33578,6.157,0.001,1741.1,50.93,59759,50.93
SGP,Asia,Singapore,12/2/2021,59777,18,18.286,29,0,0,10961.017,3.301,3.353,5.318,0,0,0.64,33214,6.09,0.001,1816.4,50.93,59777,50.93
SGP,Asia,Singapore,13/2/2021,59786,9,15.857,29,0,0,10962.667,1.65,2.908,5.318,0,0,0.62,32849,6.023,0,2071.6,50.93,59786,50.93
SGP,Asia,Singapore,14/2/2021,59800,14,14.429,29,0,0,10965.234,2.567,2.646,5.318,0,0,0.62,32485,5.957,0,2251.4,50.93,59800,50.93
SGP,Asia,Singapore,15/2/2021,59809,9,12.571,29,0,0,10966.884,1.65,2.305,5.318,0,0,0.61,32121,5.89,0,2555.2,50.93,59809,50.93
SGP,Asia,Singapore,16/2/2021,59810,1,11.143,29,0,0,10967.068,0.183,2.043,5.318,0,0,0.62,32963,6.044,0,2958.2,50.93,59810,50.93
SGP,Asia,Singapore,17/2/2021,59821,11,10.571,29,0,0,10969.085,2.017,1.938,5.318,0,0,0.66,33804,6.198,0,3197.8,50.93,59821,50.93
SGP,Asia,Singapore,18/2/2021,59832,11,10.429,29,0,0,10971.102,2.017,1.912,5.318,0,0,0.71,34645,6.353,0,3322,50.93,59832,50.93
SGP,Asia,Singapore,19/2/2021,59846,14,9.857,29,0,0,10973.669,2.567,1.807,5.318,0,0,0.75,35487,6.507,0,3600.2,50.93,59846,50.93
SGP,Asia,Singapore,20/2/2021,59858,12,10.286,29,0,0,10975.869,2.2,1.886,5.318,0,0,0.77,36328,6.661,0,3531.8,50.93,59858,50.93
SGP,Asia,Singapore,21/2/2021,59869,11,9.857,29,0,0,10977.886,2.017,1.807,5.318,0,0,0.77,37170,6.816,0,3770.9,50.93,59869,50.93
SGP,Asia,Singapore,22/2/2021,59879,10,10,29,0,0,10979.72,1.834,1.834,5.318,0,0,0.78,38011,6.97,0,3801.1,50.93,59879,50.93
SGP,Asia,Singapore,23/2/2021,59883,4,10.429,29,0,0,10980.453,0.733,1.912,5.318,0,0,0.78,37748,6.922,0,3619.5,50.93,59883,50.93
SGP,Asia,Singapore,24/2/2021,59890,7,9.857,29,0,0,10981.737,1.284,1.807,5.318,0,0,0.81,37486,6.874,0,3803,50.93,59890,50.93
SGP,Asia,Singapore,25/2/2021,59900,10,9.714,29,0,0,10983.57,1.834,1.781,5.318,0,0,0.88,37223,6.825,0,3831.9,50.93,59900,50.93
SGP,Asia,Singapore,26/2/2021,59913,13,9.571,29,0,0,10985.954,2.384,1.755,5.318,0,0,0.95,36960,6.777,0,3861.7,50.93,59913,50.93
SGP,Asia,Singapore,27/2/2021,59925,12,9.571,29,0,0,10988.155,2.2,1.755,5.318,0,0,1,36697,6.729,0,3834.2,50.93,59925,50.93
SGP,Asia,Singapore,28/2/2021,59936,11,9.571,29,0,0,10990.172,2.017,1.755,5.318,0,0,1.03,36435,6.681,0,3806.8,50.93,59936,50.93
SGP,Asia,Singapore,1/3/2021,59948,12,9.857,29,0,0,10992.372,2.2,1.807,5.318,0,0,1.08,36172,6.633,0,3669.7,50.93,59948,50.93
SGP,Asia,Singapore,2/3/2021,59956,8,10.429,29,0,0,10993.839,1.467,1.912,5.318,0,0,1.13,36337,6.663,0,3484.2,50.93,59956,50.93
SGP,Asia,Singapore,3/3/2021,59979,23,12.714,29,0,0,10998.056,4.217,2.331,5.318,0,0,1.18,36502,6.693,0,2871,50.93,59979,50.93
SGP,Asia,Singapore,4/3/2021,59998,19,14,29,0,0,11001.54,3.484,2.567,5.318,0,0,1.13,36668,6.724,0,2619.1,50.93,59998,50.93
SGP,Asia,Singapore,5/3/2021,60007,9,13.429,29,0,0,11003.191,1.65,2.462,5.318,0,0,1.04,36833,6.754,0,2742.8,50.93,60007,50.93
SGP,Asia,Singapore,6/3/2021,60020,13,13.571,29,0,0,11005.574,2.384,2.489,5.318,0,0,1.01,36998,6.784,0,2726.3,50.93,60020,50.93
SGP,Asia,Singapore,7/3/2021,60033,13,13.857,29,0,0,11007.958,2.384,2.541,5.318,0,0,0.98,37163,6.814,0,2681.9,50.93,60033,50.93
SGP,Asia,Singapore,8/3/2021,60046,13,14,29,0,0,11010.342,2.384,2.567,5.318,0,0,0.95,37329,6.845,0,2666.4,50.93,60046,50.93
SGP,Asia,Singapore,9/3/2021,60052,6,13.714,29,0,0,11011.442,1.1,2.515,5.318,0,0,0.91,37107,6.804,0,2705.8,50.93,60052,50.93
SGP,Asia,Singapore,10/3/2021,60062,10,11.857,29,0,0,11013.276,1.834,2.174,5.318,0,0,0.88,36886,6.764,0,3110.9,50.93,60062,50.93
SGP,Asia,Singapore,11/3/2021,60070,8,10.286,29,0,0,11014.743,1.467,1.886,5.318,0,0,0.88,36664,6.723,0,3564.5,50.93,60070,50.93
SGP,Asia,Singapore,12/3/2021,60080,10,10.429,29,0,0,11016.576,1.834,1.912,5.318,0,0,0.92,36443,6.682,0,3494.4,50.93,60080,50.93
SGP,Asia,Singapore,13/3/2021,60088,8,9.714,30,1,0.143,11018.043,1.467,1.781,5.501,0.183,0.026,0.97,36221,6.642,0,3728.7,50.93,60088,50.93
SGP,Asia,Singapore,14/3/2021,60105,17,10.286,30,0,0.143,11021.16,3.117,1.886,5.501,0,0.026,1.06,36000,6.601,0,3499.9,50.93,60105,50.93
SGP,Asia,Singapore,15/3/2021,60117,12,10.143,30,0,0.143,11023.361,2.2,1.86,5.501,0,0.026,1.07,35779,6.561,0,3527.5,50.93,60117,50.93
SGP,Asia,Singapore,16/3/2021,60128,11,10.857,30,0,0.143,11025.378,2.017,1.991,5.501,0,0.026,1.07,40680,7.459,0,3746.9,50.93,60128,50.93
SGP,Asia,Singapore,17/3/2021,60137,9,10.714,30,0,0.143,11027.028,1.65,1.965,5.501,0,0.026,1.07,45582,8.358,0,4254.4,50.93,60137,50.93
SGP,Asia,Singapore,18/3/2021,60152,15,11.714,30,0,0.143,11029.778,2.75,2.148,5.501,0,0.026,1.11,50484,9.257,0,4309.7,50.93,60152,50.93
SGP,Asia,Singapore,19/3/2021,60167,15,12.429,30,0,0.143,11032.529,2.75,2.279,5.501,0,0.026,1.13,55386,10.156,0,4456.2,50.93,60167,50.93
SGP,Asia,Singapore,20/3/2021,60184,17,13.714,30,0,0,11035.646,3.117,2.515,5.501,0,0,1.14,60287,11.055,0,4396,50.93,60184,50.93
SGP,Asia,Singapore,21/3/2021,60196,12,13,30,0,0,11037.847,2.2,2.384,5.501,0,0,1.13,65189,11.953,0,5014.5,50.93,60196,50.93
SGP,Asia,Singapore,22/3/2021,60208,12,13,30,0,0,11040.047,2.2,2.384,5.501,0,0,1.13,70091,12.852,0,5391.6,50.93,60208,50.93
SGP,Asia,Singapore,23/3/2021,60221,13,13.286,30,0,0,11042.431,2.384,2.436,5.501,0,0,1.16,65081,11.934,0,4898.5,50.93,60221,50.93
SGP,Asia,Singapore,24/3/2021,60236,15,14.143,30,0,0,11045.181,2.75,2.593,5.501,0,0,1.17,60072,11.015,0,4247.5,50.93,60236,50.93
SGP,Asia,Singapore,25/3/2021,60253,17,14.429,30,0,0,11048.298,3.117,2.646,5.501,0,0,1.19,55063,10.097,0,3816.1,50.93,60253,50.93
SGP,Asia,Singapore,26/3/2021,60265,12,14,30,0,0,11050.499,2.2,2.567,5.501,0,0,1.21,50053,9.178,0,3575.2,50.93,60265,50.93
SGP,Asia,Singapore,27/3/2021,60288,23,14.857,30,0,0,11054.716,4.217,2.724,5.501,0,0,1.28,45044,8.259,0,3031.8,50.93,60288,50.93
SGP,Asia,Singapore,28/3/2021,60300,12,14.857,30,0,0,11056.917,2.2,2.724,5.501,0,0,1.31,40035,7.341,0,2694.7,50.93,60300,50.93
SGP,Asia,Singapore,29/3/2021,60321,21,16.143,30,0,0,11060.767,3.851,2.96,5.501,0,0,1.39,35026,6.423,0,2169.7,50.93,60321,50.93
SGP,Asia,Singapore,30/3/2021,60347,26,18,30,0,0,11065.535,4.767,3.301,5.501,0,0,1.45,35026,6.423,0.001,1945.9,50.93,60347,50.93
SGP,Asia,Singapore,31/3/2021,60381,34,20.714,30,0,0,11071.769,6.234,3.798,5.501,0,0,1.45,35026,6.423,0.001,1690.9,50.93,60381,50.93
SGP,Asia,Singapore,1/4/2021,60407,26,22,30,0,0,11076.537,4.767,4.034,5.501,0,0,1.39,35026,6.423,0.001,1592.1,50.93,60407,50.93
SGP,Asia,Singapore,2/4/2021,60450,43,26.429,30,0,0,11084.421,7.885,4.846,5.501,0,0,1.33,35026,6.423,0.001,1325.3,50.93,60450,50.93
SGP,Asia,Singapore,3/4/2021,60468,18,25.714,30,0,0,11087.722,3.301,4.715,5.501,0,0,1.19,35026,6.423,0.001,1362.1,50.93,60468,50.93
SGP,Asia,Singapore,4/4/2021,60478,10,25.429,30,0,0,11089.556,1.834,4.663,5.501,0,0,1.11,35026,6.423,0.001,1377.4,50.93,60478,50.93
SGP,Asia,Singapore,5/4/2021,60495,17,24.857,30,0,0,11092.673,3.117,4.558,5.501,0,0,1.12,35026,6.423,0.001,1409.1,50.93,60495,50.93
SGP,Asia,Singapore,6/4/2021,60519,24,24.571,30,0,0,11097.073,4.401,4.506,5.501,0,0,1.16,32492,5.958,0.001,1322.4,50.93,60519,50.93
SGP,Asia,Singapore,7/4/2021,60554,35,24.714,30,0,0,11103.491,6.418,4.532,5.501,0,0,1.17,29959,5.493,0.001,1212.2,50.93,60554,50.93
SGP,Asia,Singapore,8/4/2021,60575,21,24,30,0,0,11107.342,3.851,4.401,5.501,0,0,1.12,27425,5.029,0.001,1142.7,50.93,60575,50.93
SGP,Asia,Singapore,9/4/2021,60601,26,21.571,30,0,0,11112.109,4.767,3.955,5.501,0,0,1.1,24892,4.564,0.001,1154,50.93,60601,50.93
SGP,Asia,Singapore,10/4/2021,60633,32,23.571,30,0,0,11117.977,5.868,4.322,5.501,0,0,1.09,22358,4.1,0.001,948.5,50.93,60633,50.93
SGP,Asia,Singapore,11/4/2021,60653,20,25,30,0,0,11121.644,3.667,4.584,5.501,0,0,1.06,19825,3.635,0.001,793,50.93,60653,50.93
SGP,Asia,Singapore,12/4/2021,60678,25,26.143,30,0,0,11126.229,4.584,4.794,5.501,0,0,1.05,17292,3.171,0.002,661.4,50.93,60678,50.93
SGP,Asia,Singapore,13/4/2021,60692,14,24.714,30,0,0,11128.796,2.567,4.532,5.501,0,0,1.03,17292,3.171,0.001,699.7,50.93,60692,50.93
SGP,Asia,Singapore,14/4/2021,60719,27,23.571,30,0,0,11133.747,4.951,4.322,5.501,0,0,1.04,17292,3.171,0.001,733.6,50.93,60719,50.93
SGP,Asia,Singapore,15/4/2021,60735,16,22.857,30,0,0,11136.68,2.934,4.191,5.501,0,0,1.04,17292,3.171,0.001,756.5,50.93,60735,50.93
SGP,Asia,Singapore,16/4/2021,60769,34,24,30,0,0,11142.915,6.234,4.401,5.501,0,0,1.08,17292,3.171,0.001,720.5,50.93,60769,50.93
SGP,Asia,Singapore,17/4/2021,60808,39,25,30,0,0,11150.066,7.151,4.584,5.501,0,0,1.1,17292,3.171,0.001,691.7,50.93,60808,50.93
SGP,Asia,Singapore,18/4/2021,60831,23,25.429,30,0,0,11154.283,4.217,4.663,5.501,0,0,1.04,17292,3.171,0.001,680,50.93,60831,50.93
SGP,Asia,Singapore,19/4/2021,60851,20,24.714,30,0,0,11157.951,3.667,4.532,5.501,0,0,1,17292,3.171,0.001,699.7,50.93,60851,50.93
SGP,Asia,Singapore,20/4/2021,60865,14,24.714,30,0,0,11160.518,2.567,4.532,5.501,0,0,0.99,20084,3.683,0.001,812.7,50.93,60865,50.93
SGP,Asia,Singapore,21/4/2021,60880,15,23,30,0,0,11163.268,2.75,4.217,5.501,0,0,1.01,22876,4.195,0.001,994.6,50.93,60880,50.93
SGP,Asia,Singapore,22/4/2021,60904,24,24.143,30,0,0,11167.669,4.401,4.427,5.501,0,0,1.07,25667,4.706,0.001,1063.1,50.93,60904,50.93
SGP,Asia,Singapore,23/4/2021,60943,39,24.857,30,0,0,11174.82,7.151,4.558,5.501,0,0,1.14,28459,5.218,0.001,1144.9,50.93,60943,50.93
SGP,Asia,Singapore,24/4/2021,60966,23,22.571,30,0,0,11179.038,4.217,4.139,5.501,0,0,1.15,31251,5.73,0.001,1384.6,50.93,60966,50.93
SGP,Asia,Singapore,25/4/2021,61006,40,25,30,0,0,11186.372,7.335,4.584,5.501,0,0,1.19,34043,6.242,0.001,1361.7,50.93,61006,50.93
SGP,Asia,Singapore,26/4/2021,61051,45,28.571,30,0,0,11194.624,8.251,5.239,5.501,0,0,1.17,36835,6.754,0.001,1289.2,50.93,61051,50.93
SGP,Asia,Singapore,27/4/2021,61063,12,28.286,30,0,0,11196.824,2.2,5.187,5.501,0,0,1.08,39127,7.175,0.001,1383.3,50.93,61063,50.93
SGP,Asia,Singapore,28/4/2021,61086,23,29.429,30,0,0,11201.042,4.217,5.396,5.501,0,0,1.05,41420,7.595,0.001,1407.5,50.93,61086,50.93
SGP,Asia,Singapore,29/4/2021,61121,35,31,30,0,0,11207.459,6.418,5.684,5.501,0,0,1.05,43712,8.015,0.001,1410.1,50.93,61121,50.93
SGP,Asia,Singapore,30/4/2021,61145,24,28.857,30,0,0,11211.86,4.401,5.291,5.501,0,0,1.01,46004,8.436,0.001,1594.2,50.93,61145,50.93
SGP,Asia,Singapore,1/5/2021,61179,34,30.429,31,1,0.143,11218.094,6.234,5.58,5.684,0.183,0.026,1.02,48296,8.856,0.001,1587.2,50.93,61179,50.93
SGP,Asia,Singapore,2/5/2021,61218,39,30.286,31,0,0.143,11225.246,7.151,5.553,5.684,0,0.026,0.99,50588,9.276,0.001,1670.3,50.93,61218,50.93
SGP,Asia,Singapore,3/5/2021,61235,17,26.286,31,0,0.143,11228.363,3.117,4.82,5.684,0,0.026,0.92,52880,9.696,0,2011.7,50.93,61235,50.93
SGP,Asia,Singapore,4/5/2021,61252,17,27,31,0,0.143,11231.48,3.117,4.951,5.684,0,0.026,0.88,56244,10.313,0,2083.1,52.78,61252,52.78
SGP,Asia,Singapore,5/5/2021,61268,16,26,31,0,0.143,11234.414,2.934,4.767,5.684,0,0.026,0.86,59608,10.93,0,2292.6,52.78,61268,52.78
SGP,Asia,Singapore,6/5/2021,61286,18,23.571,31,0,0.143,11237.715,3.301,4.322,5.684,0,0.026,0.87,62973,11.547,0,2671.6,52.78,61286,52.78
SGP,Asia,Singapore,7/5/2021,61311,25,23.714,31,0,0.143,11242.299,4.584,4.348,5.684,0,0.026,0.91,66337,12.164,0,2797.4,52.78,61311,52.78
SGP,Asia,Singapore,8/5/2021,61331,20,21.714,31,0,0,11245.966,3.667,3.982,5.684,0,0,0.95,69701,12.781,0,3210,52.78,61331,52.78
SGP,Asia,Singapore,9/5/2021,61359,28,20.143,31,0,0,11251.1,5.134,3.693,5.684,0,0,1,73065,13.398,0,3627.3,52.78,61359,52.78
SGP,Asia,Singapore,10/5/2021,61378,19,20.429,31,0,0,11254.584,3.484,3.746,5.684,0,0,1.04,76429,14.014,0,3741.2,52.78,61378,52.78
SGP,Asia,Singapore,11/5/2021,61403,25,21.571,31,0,0,11259.168,4.584,3.955,5.684,0,0,1.09,78209,14.341,0,3625.7,52.78,61403,52.78
SGP,Asia,Singapore,12/5/2021,61419,16,21.571,31,0,0,11262.102,2.934,3.955,5.684,0,0,1.14,79989,14.667,0,3708.2,52.78,61419,52.78
SGP,Asia,Singapore,13/5/2021,61453,34,23.857,31,0,0,11268.337,6.234,4.375,5.684,0,0,1.23,81769,14.994,0,3427.5,52.78,61453,52.78
SGP,Asia,Singapore,14/5/2021,61505,52,27.714,31,0,0,11277.871,9.535,5.082,5.684,0,0,1.3,83549,15.32,0,3014.7,52.78,61505,52.78
SGP,Asia,Singapore,15/5/2021,61536,31,29.286,31,0,0,11283.556,5.684,5.37,5.684,0,0,1.29,85328,15.646,0,2913.6,52.78,61536,52.78
SGP,Asia,Singapore,16/5/2021,61585,49,32.286,31,0,0,11292.541,8.985,5.92,5.684,0,0,1.28,87108,15.973,0,2698,52.78,61585,52.78
SGP,Asia,Singapore,17/5/2021,61613,28,33.571,31,0,0,11297.675,5.134,6.156,5.684,0,0,1.22,88888,16.299,0,2647.8,52.78,61613,52.78
SGP,Asia,Singapore,18/5/2021,61651,38,35.429,31,0,0,11304.643,6.968,6.496,5.684,0,0,1.2,84495,15.493,0,2384.9,52.78,61651,52.78
SGP,Asia,Singapore,19/5/2021,61689,38,38.571,31,0,0,11311.611,6.968,7.073,5.684,0,0,1.16,80102,14.688,0,2076.7,58.33,61689,58.33
SGP,Asia,Singapore,20/5/2021,61730,41,39.571,32,1,0.143,11319.129,7.518,7.256,5.868,0.183,0.026,1.11,75710,13.883,0.001,1913.3,58.33,61730,58.33
SGP,Asia,Singapore,21/5/2021,61770,40,37.857,32,0,0.143,11326.463,7.335,6.942,5.868,0,0.026,1.06,71317,13.077,0.001,1883.9,58.33,61770,58.33
SGP,Asia,Singapore,22/5/2021,61799,29,37.571,32,0,0.143,11331.781,5.318,6.889,5.868,0,0.026,1.01,66924,12.272,0.001,1781.3,58.33,61799,58.33
SGP,Asia,Singapore,23/5/2021,61824,25,34.143,32,0,0.143,11336.365,4.584,6.261,5.868,0,0.026,0.97,62531,11.466,0.001,1831.4,58.33,61824,58.33
SGP,Asia,Singapore,24/5/2021,61860,36,35.286,32,0,0.143,11342.966,6.601,6.47,5.868,0,0.026,0.97,58138,10.66,0.001,1647.6,58.33,61860,58.33
SGP,Asia,Singapore,25/5/2021,61890,30,34.143,32,0,0.143,11348.467,5.501,6.261,5.868,0,0.026,0.94,59563,10.922,0.001,1744.5,58.33,61890,58.33
SGP,Asia,Singapore,26/5/2021,61916,26,32.429,32,0,0.143,11353.235,4.767,5.946,5.868,0,0.026,0.9,60989,11.183,0.001,1880.7,58.33,61916,58.33
SGP,Asia,Singapore,27/5/2021,61940,24,30,32,0,0,11357.635,4.401,5.501,5.868,0,0,0.88,62414,11.445,0,2080.5,58.33,61940,58.33
SGP,Asia,Singapore,28/5/2021,61970,30,28.571,32,0,0,11363.136,5.501,5.239,5.868,0,0,0.9,63839,11.706,0,2234.4,58.33,61970,58.33
SGP,Asia,Singapore,29/5/2021,62003,33,29.143,32,0,0,11369.187,6.051,5.344,5.868,0,0,0.9,65264,11.967,0,2239.4,58.33,62003,58.33
SGP,Asia,Singapore,30/5/2021,62028,25,29.143,33,1,0.143,11373.771,4.584,5.344,6.051,0.183,0.026,0.88,66690,12.229,0,2288.4,58.33,62028,58.33
SGP,Asia,Singapore,31/5/2021,62051,23,27.286,33,0,0.143,11377.989,4.217,5.003,6.051,0,0.026,0.87,68115,12.49,0,2496.3,58.33,62051,58.33
SGP,Asia,Singapore,1/6/2021,62069,18,25.571,33,0,0.143,11381.289,3.301,4.689,6.051,0,0.026,0.87,66937,12.274,0,2617.7,58.33,62069,58.33
SGP,Asia,Singapore,2/6/2021,62100,31,26.286,33,0,0.143,11386.974,5.684,4.82,6.051,0,0.026,0.89,65760,12.058,0,2501.7,58.33,62100,58.33
SGP,Asia,Singapore,3/6/2021,62145,45,29.286,33,0,0.143,11395.225,8.251,5.37,6.051,0,0.026,0.87,64582,11.842,0,2205.2,58.33,62145,58.33
SGP,Asia,Singapore,4/6/2021,62158,13,26.857,33,0,0.143,11397.609,2.384,4.925,6.051,0,0.026,0.79,63405,11.626,0,2360.8,58.33,62158,58.33
SGP,Asia,Singapore,5/6/2021,62176,18,24.714,33,0,0.143,11400.909,3.301,4.532,6.051,0,0.026,0.74,62228,11.41,0,2517.9,58.33,62176,58.33
SGP,Asia,Singapore,6/6/2021,62196,20,24,33,0,0,11404.577,3.667,4.401,6.051,0,0,0.71,61050,11.194,0,2543.8,58.33,62196,58.33
SGP,Asia,Singapore,7/6/2021,62210,14,22.714,33,0,0,11407.144,2.567,4.165,6.051,0,0,0.65,59873,10.979,0,2636,58.33,62210,58.33
SGP,Asia,Singapore,8/6/2021,62219,9,21.429,34,1,0.143,11408.794,1.65,3.929,6.234,0.183,0.026,0.63,60345,11.065,0,2816,58.33,62219,58.33
SGP,Asia,Singapore,9/6/2021,62223,4,17.571,34,0,0.143,11409.528,0.733,3.222,6.234,0,0.026,0.61,60817,11.152,0,3461.2,58.33,62223,58.33
SGP,Asia,Singapore,10/6/2021,62236,13,13,34,0,0.143,11411.911,2.384,2.384,6.234,0,0.026,0.67,61290,11.238,0,4714.6,58.33,62236,58.33
SGP,Asia,Singapore,11/6/2021,62245,9,12.429,34,0,0.143,11413.562,1.65,2.279,6.234,0,0.026,0.75,61762,11.325,0,4969.2,58.33,62245,58.33
SGP,Asia,Singapore,12/6/2021,62263,18,12.429,34,0,0.143,11416.862,3.301,2.279,6.234,0,0.026,0.85,62234,11.412,0,5007.2,58.33,62263,58.33
SGP,Asia,Singapore,13/6/2021,62276,13,11.429,34,0,0.143,11419.246,2.384,2.096,6.234,0,0.026,0.92,62707,11.498,0,5486.7,58.33,62276,58.33
SGP,Asia,Singapore,14/6/2021,62301,25,13,34,0,0.143,11423.83,4.584,2.384,6.234,0,0.026,1,63179,11.585,0,4859.9,58.33,62301,58.33
SGP,Asia,Singapore,15/6/2021,62315,14,13.714,34,0,0,11426.397,2.567,2.515,6.234,0,0,1.02,63923,11.721,0,4661.1,58.33,62315,58.33
SGP,Asia,Singapore,16/6/2021,62339,24,16.571,34,0,0,11430.798,4.401,3.039,6.234,0,0,1.05,64666,11.857,0,3902.4,58.33,62339,58.33
SGP,Asia,Singapore,17/6/2021,62366,27,18.571,34,0,0,11435.749,4.951,3.405,6.234,0,0,1.06,65409,11.994,0,3522.1,58.33,62366,58.33
SGP,Asia,Singapore,18/6/2021,62382,16,19.571,34,0,0,11438.683,2.934,3.589,6.234,0,0,1.02,66153,12.13,0,3380.2,58.33,62382,58.33
SGP,Asia,Singapore,19/6/2021,62403,21,20,34,0,0,11442.533,3.851,3.667,6.234,0,0,1,66896,12.266,0,3344.8,58.33,62403,58.33
SGP,Asia,Singapore,20/6/2021,62414,11,19.714,34,0,0,11444.55,2.017,3.615,6.234,0,0,0.97,67640,12.403,0,3431.1,58.33,62414,58.33
SGP,Asia,Singapore,21/6/2021,62430,16,18.429,35,1,0.143,11447.484,2.934,3.379,6.418,0.183,0.026,0.96,68383,12.539,0,3710.6,58.33,62430,58.33
SGP,Asia,Singapore,22/6/2021,62448,18,19,35,0,0.143,11450.785,3.301,3.484,6.418,0,0.026,0.99,65144,11.945,0,3428.6,58.33,62448,58.33
SGP,Asia,Singapore,23/6/2021,62470,22,18.714,35,0,0.143,11454.819,4.034,3.432,6.418,0,0.026,0.99,61905,11.351,0,3308,58.33,62470,58.33
SGP,Asia,Singapore,24/6/2021,62493,23,18.143,35,0,0.143,11459.036,4.217,3.327,6.418,0,0.026,0.98,58666,10.757,0,3233.5,58.33,62493,58.33
SGP,Asia,Singapore,25/6/2021,62513,20,18.714,35,0,0.143,11462.704,3.667,3.432,6.418,0,0.026,0.96,55427,10.163,0,2961.8,58.33,62513,58.33
SGP,Asia,Singapore,26/6/2021,62530,17,18.143,36,1,0.286,11465.821,3.117,3.327,6.601,0.183,0.052,0.91,52188,9.569,0,2876.5,58.33,62530,58.33
SGP,Asia,Singapore,27/6/2021,62544,14,18.571,36,0,0.286,11468.388,2.567,3.405,6.601,0,0.052,0.84,48949,8.976,0,2635.8,58.33,62544,58.33
SGP,Asia,Singapore,28/6/2021,62553,9,17.571,36,0,0.143,11470.038,1.65,3.222,6.601,0,0.026,0.78,45710,8.382,0,2601.4,54.63,62553,54.63
SGP,Asia,Singapore,29/6/2021,62563,10,16.429,36,0,0.143,11471.872,1.834,3.012,6.601,0,0.026,0.76,49558,9.087,0,3016.5,54.63,62563,54.63
SGP,Asia,Singapore,30/6/2021,62579,16,15.571,36,0,0.143,11474.806,2.934,2.855,6.601,0,0.026,0.76,53407,9.793,0,3429.9,54.63,62579,54.63
SGP,Asia,Singapore,1/7/2021,62589,10,13.714,36,0,0.143,11476.639,1.834,2.515,6.601,0,0.026,0.76,57255,10.499,0,4174.9,54.63,62589,54.63
SGP,Asia,Singapore,2/7/2021,62599,10,12.286,36,0,0.143,11478.473,1.834,2.253,6.601,0,0.026,0.78,61103,11.204,0,4973.4,54.63,62599,54.63
SGP,Asia,Singapore,3/7/2021,62606,7,10.857,36,0,0,11479.756,1.284,1.991,6.601,0,0,0.81,64951,11.91,0,5982.4,54.63,62606,54.63
SGP,Asia,Singapore,4/7/2021,62617,11,10.429,36,0,0,11481.774,2.017,1.912,6.601,0,0,0.86,68799,12.615,0,6596.9,54.63,62617,54.63
SGP,Asia,Singapore,5/7/2021,62630,13,11,36,0,0,11484.157,2.384,2.017,6.601,0,0,0.9,72648,13.321,0,6604.4,54.63,62630,54.63
SGP,Asia,Singapore,6/7/2021,62640,10,11,36,0,0,11485.991,1.834,2.017,6.601,0,0,0.94,75225,13.794,0,6838.6,50.93,62640,50.93
SGP,Asia,Singapore,7/7/2021,62652,12,10.429,36,0,0,11488.191,2.2,1.912,6.601,0,0,1,77802,14.266,0,7460.2,50.93,62652,50.93
SGP,Asia,Singapore,8/7/2021,62668,16,11.286,36,0,0,11491.125,2.934,2.069,6.601,0,0,1.09,80379,14.739,0,7122,50.93,62668,50.93
SGP,Asia,Singapore,9/7/2021,62678,10,11.286,36,0,0,11492.959,1.834,2.069,6.601,0,0,1.17,82956,15.211,0,7350.3,50.93,62678,50.93
SGP,Asia,Singapore,10/7/2021,62684,6,11.143,36,0,0,11494.059,1.1,2.043,6.601,0,0,1.29,85533,15.684,0,7675.9,50.93,62684,50.93
SGP,Asia,Singapore,11/7/2021,62692,8,10.714,36,0,0,11495.526,1.467,1.965,6.601,0,0,1.5,88109,16.156,0,8223.7,50.93,62692,50.93
SGP,Asia,Singapore,12/7/2021,62718,26,12.571,36,0,0,11500.293,4.767,2.305,6.601,0,0,1.78,90686,16.629,0,7213.9,50.93,62718,50.93
SGP,Asia,Singapore,13/7/2021,62744,26,14.857,36,0,0,11505.061,4.767,2.724,6.601,0,0,2.03,87882,16.114,0,5915.2,50.93,62744,50.93
SGP,Asia,Singapore,14/7/2021,62804,60,21.714,36,0,0,11516.063,11.002,3.982,6.601,0,0,2.28,85077,15.6,0,3918.1,50.93,62804,50.93
SGP,Asia,Singapore,15/7/2021,62852,48,26.286,36,0,0,11524.864,8.802,4.82,6.601,0,0,2.33,82272,15.086,0,3129.9,50.93,62852,50.93
SGP,Asia,Singapore,16/7/2021,62913,61,33.571,36,0,0,11536.05,11.185,6.156,6.601,0,0,2.4,79467,14.571,0,2367.1,50.93,62913,50.93
SGP,Asia,Singapore,17/7/2021,62981,68,42.429,36,0,0,11548.518,12.469,7.78,6.601,0,0,2.44,76662,14.057,0.001,1806.8,50.93,62981,50.93
SGP,Asia,Singapore,18/7/2021,63073,92,54.429,36,0,0,11565.388,16.87,9.98,6.601,0,0,2.5,73857,13.543,0.001,1356.9,50.93,63073,50.93
SGP,Asia,Singapore,19/7/2021,63245,172,75.286,36,0,0,11596.927,31.539,13.805,6.601,0,0,2.52,71053,13.029,0.001,943.8,50.93,63245,50.93
SGP,Asia,Singapore,20/7/2021,63440,195,99.429,36,0,0,11632.683,35.756,18.232,6.601,0,0,2.38,70656,12.956,0.001,710.6,50.93,63440,50.93
SGP,Asia,Singapore,21/7/2021,63621,181,116.714,36,0,0,11665.872,33.189,21.401,6.601,0,0,2.13,70259,12.883,0.002,602,50.93,63621,50.93
SGP,Asia,Singapore,22/7/2021,63791,170,134.143,36,0,0,11697.044,31.172,24.597,6.601,0,0,1.91,69862,12.81,0.002,520.8,50.93,63791,50.93
SGP,Asia,Singapore,23/7/2021,63924,133,144.429,36,0,0,11721.432,24.388,26.483,6.601,0,0,1.7,69465,12.737,0.002,481,50.93,63924,50.93
SGP,Asia,Singapore,24/7/2021,64054,130,153.286,37,1,0.143,11745.269,23.837,28.107,6.785,0.183,0.026,1.54,69069,12.665,0.002,450.6,50.93,64054,50.93
SGP,Asia,Singapore,25/7/2021,64179,125,158,37,0,0.143,11768.19,22.921,28.972,6.785,0,0.026,1.41,68672,12.592,0.002,434.6,50.93,64179,50.93
SGP,Asia,Singapore,26/7/2021,64314,135,152.714,37,0,0.143,11792.944,24.754,28.002,6.785,0,0.026,1.29,68275,12.519,0.002,447.1,50.93,64314,50.93
SGP,Asia,Singapore,27/7/2021,64453,139,144.714,37,0,0.143,11818.432,25.488,26.536,6.785,0,0.026,1.22,68313,12.526,0.002,472.1,50.93,64453,50.93
SGP,Asia,Singapore,28/7/2021,64589,136,138.286,37,0,0.143,11843.37,24.938,25.357,6.785,0,0.026,1.15,68350,12.533,0.002,494.3,50.93,64589,50.93
SGP,Asia,Singapore,29/7/2021,64722,133,133,37,0,0.143,11867.757,24.388,24.388,6.785,0,0.026,1.12,68388,12.54,0.002,514.2,50.93,64722,50.93
SGP,Asia,Singapore,30/7/2021,64861,139,133.857,37,0,0.143,11893.245,25.488,24.545,6.785,0,0.026,1.09,68425,12.547,0.002,511.2,50.93,64861,50.93
SGP,Asia,Singapore,31/7/2021,64981,120,132.429,37,0,0,11915.249,22.004,24.283,6.785,0,0,1.04,68463,12.554,0.002,517,50.93,64981,50.93
SGP,Asia,Singapore,1/8/2021,65102,121,131.857,37,0,0,11937.436,22.187,24.178,6.785,0,0,0.99,68500,12.561,0.002,519.5,50.93,65102,50.93
SGP,Asia,Singapore,2/8/2021,65213,111,128.429,38,1,0.143,11957.789,20.354,23.549,6.968,0.183,0.026,0.92,68538,12.567,0.002,533.7,50.93,65213,50.93
SGP,Asia,Singapore,3/8/2021,65315,102,123.143,38,0,0.143,11976.493,18.703,22.58,6.968,0,0.026,0.87,67086,12.301,0.002,544.8,50.93,65315,50.93
SGP,Asia,Singapore,4/8/2021,65410,95,117.286,39,1,0.286,11993.912,17.42,21.506,7.151,0.183,0.052,0.83,65633,12.035,0.002,559.6,50.93,65410,50.93
SGP,Asia,Singapore,5/8/2021,65508,98,112.286,40,1,0.429,12011.882,17.97,20.589,7.335,0.183,0.079,0.83,64181,11.769,0.002,571.6,50.93,65508,50.93
SGP,Asia,Singapore,6/8/2021,65605,97,106.286,41,1,0.571,12029.668,17.786,19.489,7.518,0.183,0.105,0.82,62729,11.502,0.002,590.2,50.93,65605,50.93
SGP,Asia,Singapore,7/8/2021,65686,81,100.714,42,1,0.714,12044.521,14.853,18.467,7.701,0.183,0.131,0.79,61277,11.236,0.002,608.4,50.93,65686,50.93
SGP,Asia,Singapore,8/8/2021,65764,78,94.571,42,0,0.714,12058.824,14.302,17.341,7.701,0,0.131,0.76,59824,10.97,0.002,632.6,50.93,65764,50.93
SGP,Asia,Singapore,9/8/2021,65836,72,89,42,0,0.571,12072.026,13.202,16.319,7.701,0,0.105,0.7,58372,10.703,0.002,655.9,50.93,65836,50.93
SGP,Asia,Singapore,10/8/2021,65836,0,74.429,42,0,0.571,12072.026,0,13.648,7.701,0,0.105,0.67,56398,10.341,0.001,757.7,47.22,65836,47.22
SGP,Asia,Singapore,11/8/2021,65953,117,77.571,43,1,0.571,12093.48,21.454,14.224,7.885,0.183,0.105,0.73,54425,9.98,0.001,701.6,47.22,65953,47.22
SGP,Asia,Singapore,12/8/2021,66012,59,72,43,0,0.429,12104.298,10.819,13.202,7.885,0,0.079,0.73,52451,9.618,0.001,728.5,47.22,66012,47.22
SGP,Asia,Singapore,13/8/2021,66061,49,65.143,44,1,0.429,12113.283,8.985,11.945,8.068,0.183,0.079,0.74,50477,9.256,0.001,774.9,47.22,66061,47.22
SGP,Asia,Singapore,14/8/2021,66119,58,61.857,44,0,0.286,12123.918,10.635,11.342,8.068,0,0.052,0.75,48503,8.894,0.001,784.1,47.22,66119,47.22
SGP,Asia,Singapore,15/8/2021,66172,53,58.286,44,0,0.286,12133.636,9.718,10.688,8.068,0,0.052,0.76,46530,8.532,0.001,798.3,47.22,66172,47.22
SGP,Asia,Singapore,16/8/2021,66225,53,55.571,44,0,0.286,12143.355,9.718,10.19,8.068,0,0.052,0.74,44556,8.17,0.001,801.8,47.22,66225,47.22
SGP,Asia,Singapore,17/8/2021,66281,56,63.571,45,1,0.429,12153.623,10.268,11.657,8.251,0.183,0.079,0.76,46595,8.544,0.001,733,47.22,66281,47.22
SGP,Asia,Singapore,18/8/2021,66334,53,54.429,46,1,0.429,12163.342,9.718,9.98,8.435,0.183,0.079,0.77,48634,8.918,0.001,893.5,47.22,66334,47.22
SGP,Asia,Singapore,19/8/2021,66366,32,50.571,46,0,0.429,12169.209,5.868,9.273,8.435,0,0.079,0.81,50673,9.292,0.001,1002,47.22,66366,47.22
SGP,Asia,Singapore,20/8/2021,66406,40,49.286,47,1,0.429,12176.544,7.335,9.037,8.618,0.183,0.079,0.89,52712,9.666,0.001,1069.5,47.22,66406,47.22
SGP,Asia,Singapore,21/8/2021,66443,37,46.286,47,0,0.429,12183.328,6.785,8.487,8.618,0,0.079,0.97,54751,10.039,0.001,1182.9,47.22,66443,47.22
SGP,Asia,Singapore,22/8/2021,66478,35,43.714,49,2,0.714,12189.746,6.418,8.016,8.985,0.367,0.131,1.13,56790,10.413,0.001,1299.1,47.22,66478,47.22
SGP,Asia,Singapore,23/8/2021,66576,98,50.143,50,1,0.857,12207.716,17.97,9.194,9.168,0.183,0.157,1.29,58829,10.787,0.001,1173.2,47.22,66576,47.22
SGP,Asia,Singapore,24/8/2021,66692,116,58.714,50,0,0.714,12228.986,21.27,10.766,9.168,0,0.131,1.41,59293,10.872,0.001,1009.9,47.22,66692,47.22
SGP,Asia,Singapore,25/8/2021,66812,120,68.286,52,2,0.857,12250.99,22.004,12.521,9.535,0.367,0.157,1.46,59756,10.957,0.001,875.1,47.22,66812,47.22
SGP,Asia,Singapore,26/8/2021,66928,116,80.286,52,0,0.857,12272.261,21.27,14.722,9.535,0,0.157,1.48,60220,11.042,0.001,750.1,47.22,66928,47.22
SGP,Asia,Singapore,27/8/2021,66928,0,74.571,52,0,0.714,12272.261,0,13.674,9.535,0,0.131,1.5,60683,11.127,0.001,813.8,47.22,66928,47.22
SGP,Asia,Singapore,28/8/2021,67171,243,104,55,3,1.143,12316.818,44.558,19.07,10.085,0.55,0.21,1.68,61146,11.212,0.002,587.9,47.22,67171,47.22
SGP,Asia,Singapore,29/8/2021,67171,0,99,55,0,0.857,12316.818,0,18.153,10.085,0,0.157,1.66,61610,11.297,0.002,622.3,47.22,67171,47.22
SGP,Asia,Singapore,30/8/2021,67459,288,126.143,55,0,0.714,12369.627,52.809,23.13,10.085,0,0.131,1.77,62073,11.382,0.002,492.1,47.22,67459,47.22
SGP,Asia,Singapore,31/8/2021,67620,161,132.571,55,0,0.714,12399.149,29.522,24.309,10.085,0,0.131,1.7,61872,11.345,0.002,466.7,47.22,67620,47.22
SGP,Asia,Singapore,1/9/2021,67800,180,141.143,55,0,0.429,12432.155,33.006,25.881,10.085,0,0.079,1.65,61671,11.308,0.002,436.9,47.22,67800,47.22
SGP,Asia,Singapore,2/9/2021,67991,191,151.857,55,0,0.429,12467.178,35.023,27.845,10.085,0,0.079,1.64,61469,11.271,0.002,404.8,47.22,67991,47.22
SGP,Asia,Singapore,3/9/2021,68210,219,183.143,55,0,0.429,12507.335,40.157,33.582,10.085,0,0.079,1.65,61268,11.234,0.003,334.5,47.22,68210,47.22
SGP,Asia,Singapore,4/9/2021,68469,259,185.429,55,0,0,12554.826,47.492,34.001,10.085,0,0,1.64,61067,11.198,0.003,329.3,47.22,68469,47.22
SGP,Asia,Singapore,5/9/2021,68660,191,212.714,55,0,0,12589.849,35.023,39.004,10.085,0,0,1.64,60866,11.161,0.003,286.1,47.22,68660,47.22
SGP,Asia,Singapore,6/9/2021,68901,241,206,55,0,0,12634.04,44.191,37.773,10.085,0,0,1.65,60664,11.124,0.003,294.5,47.22,68901,47.22
SGP,Asia,Singapore,7/9/2021,69233,332,230.429,55,0,0,12694.917,60.877,42.253,10.085,0,0,1.71,61001,11.185,0.004,264.7,47.22,69233,47.22
SGP,Asia,Singapore,8/9/2021,69582,349,254.571,56,1,0.143,12758.912,63.994,46.68,10.268,0.183,0.026,1.76,61338,11.247,0.004,240.9,47.22,69582,47.22
SGP,Asia,Singapore,9/9/2021,70039,457,292.571,57,1,0.286,12842.709,83.798,53.647,10.452,0.183,0.052,1.82,61674,11.309,0.005,210.8,47.22,70039,47.22
SGP,Asia,Singapore,10/9/2021,70612,573,343.143,58,1,0.429,12947.778,105.068,62.92,10.635,0.183,0.079,1.86,62011,11.371,0.006,180.7,47.22,70612,47.22
SGP,Asia,Singapore,11/9/2021,71167,555,385.429,58,0,0.429,13049.545,101.768,70.674,10.635,0,0.079,1.83,62348,11.432,0.006,161.8,47.22,71167,47.22
SGP,Asia,Singapore,12/9/2021,71687,520,432.429,58,0,0.429,13144.895,95.35,79.292,10.635,0,0.079,1.81,62685,11.494,0.007,145,47.22,71687,47.22
SGP,Asia,Singapore,13/9/2021,72294,607,484.714,58,0,0.429,13256.198,111.303,88.88,10.635,0,0.079,1.78,63021,11.556,0.008,130,47.22,72294,47.22
SGP,Asia,Singapore,14/9/2021,73131,837,556.857,58,0,0.429,13409.674,153.477,102.108,10.635,0,0.079,1.77,63598,11.662,0.009,114.2,47.22,73131,47.22
SGP,Asia,Singapore,15/9/2021,73938,807,622.286,58,0,0.286,13557.65,147.976,114.105,10.635,0,0.052,1.73,64174,11.767,0.01,103.1,47.22,73938,47.22
SGP,Asia,Singapore,16/9/2021,74848,910,687,59,1,0.286,13724.512,166.862,125.972,10.819,0.183,0.052,1.71,64750,11.873,0.011,94.3,47.22,74848,47.22
SGP,Asia,Singapore,17/9/2021,75783,935,738.714,59,0,0.143,13895.959,171.446,135.454,10.819,0,0.026,1.68,65326,11.979,0.011,88.4,47.22,75783,47.22
SGP,Asia,Singapore,18/9/2021,76792,1009,803.571,60,1,0.286,14080.974,185.015,147.347,11.002,0.183,0.052,1.65,65902,12.084,0.012,82,47.22,76792,47.22
SGP,Asia,Singapore,19/9/2021,77804,1012,873.857,60,0,0.286,14266.54,185.565,160.235,11.002,0,0.052,1.62,66478,12.19,0.013,76.1,47.22,77804,47.22
SGP,Asia,Singapore,20/9/2021,78721,917,918.143,62,2,0.571,14434.685,168.146,168.355,11.369,0.367,0.105,1.58,67054,12.295,0.014,73,47.22,78721,47.22
SGP,Asia,Singapore,21/9/2021,79899,1178,966.857,65,3,1,14650.689,216.004,177.288,11.919,0.55,0.183,1.57,66705,12.231,0.014,69,47.22,79899,47.22
SGP,Asia,Singapore,22/9/2021,81356,1457,1059.714,68,3,1.429,14917.852,267.163,194.315,12.469,0.55,0.262,1.59,66357,12.168,0.016,62.6,47.22,81356,47.22
SGP,Asia,Singapore,23/9/2021,82860,1504,1144.571,70,2,1.571,15193.634,275.781,209.874,12.836,0.367,0.288,1.59,66008,12.104,0.017,57.7,47.22,82860,47.22
SGP,Asia,Singapore,24/9/2021,84510,1650,1246.714,73,3,2,15496.186,302.552,228.604,13.386,0.55,0.367,1.58,65660,12.04,0.019,52.7,47.22,84510,47.22
SGP,Asia,Singapore,25/9/2021,85953,1443,1308.714,76,3,2.286,15760.782,264.596,239.973,13.936,0.55,0.419,1.57,65311,11.976,0.02,49.9,47.22,85953,47.22
SGP,Asia,Singapore,26/9/2021,87892,1939,1441.143,78,2,2.571,16116.327,355.545,264.255,14.302,0.367,0.472,1.58,64963,11.912,0.022,45.1,47.22,87892,47.22
SGP,Asia,Singapore,27/9/2021,89539,1647,1545.429,80,2,2.571,16418.329,302.002,283.378,14.669,0.367,0.472,1.55,64614,11.848,0.024,41.8,50.93,89539,50.93
SGP,Asia,Singapore,28/9/2021,91775,2236,1696.571,85,5,2.857,16828.334,410.004,311.092,15.586,0.917,0.524,1.53,64639,11.853,0.026,38.1,50.93,91775,50.93
SGP,Asia,Singapore,29/9/2021,94043,2268,1812.429,93,8,3.571,17244.206,415.872,332.336,17.053,1.467,0.655,1.52,64663,11.857,0.028,35.7,50.93,94043,50.93
SGP,Asia,Singapore,30/9/2021,96521,2478,1951.571,95,2,3.571,17698.584,454.379,357.85,17.42,0.367,0.655,1.51,64687,11.861,0.03,33.1,50.93,96521,50.93
SGP,Asia,Singapore,1/10/2021,99430,2909,2131.429,103,8,4.286,18231.994,533.409,390.83,18.887,1.467,0.786,1.49,64711,11.866,0.033,30.4,50.93,99430,50.93
SGP,Asia,Singapore,2/10/2021,101786,2356,2261.857,107,4,4.429,18664.002,432.008,414.746,19.62,0.733,0.812,1.44,64735,11.87,0.035,28.6,50.93,101786,50.93
SGP,Asia,Singapore,3/10/2021,103843,2057,2278.714,113,6,5,19041.184,377.182,417.837,20.72,1.1,0.917,1.41,64760,11.875,0.035,28.4,50.93,103843,50.93
SGP,Asia,Singapore,4/10/2021,106318,2475,2397,121,8,5.857,19495.012,453.829,439.526,22.187,1.467,1.074,1.41,64784,11.879,0.037,27,50.93,106318,50.93
SGP,Asia,Singapore,5/10/2021,109804,3486,2575.571,130,9,6.429,20134.223,639.211,472.27,23.837,1.65,1.179,1.41,64150,11.763,0.04,24.9,50.93,109804,50.93
SGP,Asia,Singapore,6/10/2021,113381,3577,2762.571,133,3,5.714,20790.12,655.897,506.559,24.388,0.55,1.048,1.39,63515,11.646,0.043,23,50.93,113381,50.93
SGP,Asia,Singapore,7/10/2021,116864,3483,2906.143,136,3,5.857,21428.781,638.661,532.885,24.938,0.55,1.074,1.36,62881,11.53,0.046,21.6,50.93,116864,50.93
SGP,Asia,Singapore,8/10/2021,120454,3590,3003.429,142,6,5.571,22087.062,658.281,550.724,26.038,1.1,1.022,1.32,62246,11.414,0.048,20.7,50.93,120454,50.93
SGP,Asia,Singapore,9/10/2021,124157,3703,3195.857,153,11,6.571,22766.063,679.001,586.009,28.055,2.017,1.205,1.26,61612,11.297,0.052,19.3,50.93,124157,50.93
SGP,Asia,Singapore,10/10/2021,126966,2809,3303.286,162,9,7,23281.135,515.073,605.707,29.705,1.65,1.284,1.2,60978,11.181,0.054,18.5,50.93,126966,50.93
SGP,Asia,Singapore,11/10/2021,129229,2263,3273,172,10,7.286,23696.091,414.955,600.154,31.539,1.834,1.336,1.14,60343,11.065,0.054,18.4,50.93,129229,50.93
SGP,Asia,Singapore,12/10/2021,132205,2976,3200.143,183,11,7.571,24241.785,545.695,586.795,33.556,2.017,1.388,1.1,56430,10.347,0.057,17.6,50.93,132205,50.93
SGP,Asia,Singapore,13/10/2021,135395,3190,3144.857,192,9,8.429,24826.72,584.935,576.657,35.206,1.65,1.546,1.09,52516,9.63,0.06,16.7,50.93,135395,50.93
SGP,Asia,Singapore,14/10/2021,138327,2932,3066.143,207,15,10.143,25364.346,537.627,562.224,37.957,2.75,1.86,1.1,48603,8.912,0.063,15.9,50.93,138327,50.93
SGP,Asia,Singapore,15/10/2021,141772,3445,3045.429,215,8,10.429,25996.039,631.693,558.425,39.424,1.467,1.912,1.11,44689,8.194,0.068,14.7,50.93,141772,50.93
SGP,Asia,Singapore,16/10/2021,145120,3348,2994.714,224,9,10.143,26609.946,613.906,549.126,41.074,1.65,1.86,1.12,40776,7.477,0.073,13.6,50.93,145120,50.93
SGP,Asia,Singapore,17/10/2021,148178,3058,3030.286,233,9,10.143,27170.676,560.731,555.649,42.724,1.65,1.86,1.12,36862,6.759,0.082,12.2,50.93,148178,50.93
SGP,Asia,Singapore,18/10/2021,150731,2553,3071.714,239,6,9.571,27638.807,468.131,563.245,43.824,1.1,1.755,1.11,32948,6.042,0.093,10.7,50.93,150731,50.93
SGP,Asia,Singapore,19/10/2021,154725,3994,3217.143,246,7,9,28371.168,732.36,589.912,45.108,1.284,1.65,1.11,31459,5.768,0.102,9.8,50.93,154725,50.93
SGP,Asia,Singapore,20/10/2021,158587,3862,3313.143,264,18,10.286,29079.324,708.156,607.515,48.408,3.301,1.886,1.11,29970,5.495,0.111,9,50.93,158587,50.93
SGP,Asia,Singapore,21/10/2021,162026,3439,3385.571,280,16,10.429,29709.916,630.593,620.796,51.342,2.934,1.912,1.1,28481,5.222,0.119,8.4,50.93,162026,50.93
SGP,Asia,Singapore,22/10/2021,165663,3637,3413,294,14,11.286,30376.815,666.899,625.825,53.909,2.567,2.069,1.1,26992,4.949,0.126,7.9,50.93,165663,50.93
SGP,Asia,Singapore,23/10/2021,169261,3598,3448.714,300,6,10.857,31036.563,659.748,632.374,55.01,1.1,1.991,1.1,25502,4.676,0.135,7.4,50.93,169261,50.93
SGP,Asia,Singapore,24/10/2021,172644,3383,3495.143,315,15,11.714,31656.887,620.324,640.887,57.76,2.75,2.148,1.1,24013,4.403,0.146,6.9,47.22,172644,47.22
SGP,Asia,Singapore,25/10/2021,175818,3174,3583.857,329,14,12.857,32238.888,582.001,657.154,60.327,2.567,2.358,1.08,22524,4.13,0.159,6.3,47.22,175818,47.22
SGP,Asia,Singapore,26/10/2021,179095,3277,3481.429,339,10,13.286,32839.776,600.887,638.373,62.161,1.834,2.436,1.07,22524,4.13,0.155,6.5,44.44,179095,44.44
SGP,Asia,Singapore,27/10/2021,184419,5324,3690.286,349,10,12.143,33816.011,976.236,676.67,63.994,1.834,2.227,1.08,22525,4.13,0.164,6.1,44.44,184419,44.44
SGP,Asia,Singapore,28/10/2021,187851,3432,3689.286,364,15,12,34445.321,629.309,676.486,66.745,2.75,2.2,1.05,22525,4.13,0.164,6.1,44.44,187851,44.44
SGP,Asia,Singapore,29/10/2021,192099,4248,3776.571,380,16,12.286,35224.256,778.935,692.491,69.679,2.934,2.253,1.03,22525,4.13,0.168,6,44.44,192099,44.44
SGP,Asia,Singapore,30/10/2021,195211,3112,3707.143,394,14,13.429,35794.888,570.632,679.761,72.246,2.567,2.462,0.99,22526,4.13,0.165,6.1,44.44,195211,44.44
SGP,Asia,Singapore,31/10/2021,198374,3163,3675.714,407,13,13.143,36374.872,579.984,673.998,74.63,2.384,2.41,0.97,22526,4.13,0.163,6.1,44.44,198374,44.44
SGP,Asia,Singapore,1/11/2021,200844,2470,3575.143,421,14,13.143,36827.783,452.912,655.556,77.197,2.567,2.41,0.94,22526,4.13,0.159,6.3,44.44,200844,44.44
SGP,Asia,Singapore,2/11/2021,204340,3496,3606.429,430,9,13,37468.828,641.044,661.293,78.847,1.65,2.384,0.92,21684,3.976,0.166,6,44.44,204340,44.44
SGP,Asia,Singapore,3/11/2021,207975,3635,3365.143,442,12,13.286,38135.36,666.532,617.05,81.047,2.2,2.436,0.9,20841,3.822,0.161,6.2,44.44,207975,44.44
SGP,Asia,Singapore,4/11/2021,210978,3003,3303.857,459,17,13.571,38686.006,550.645,605.812,84.165,3.117,2.489,0.88,19998,3.667,0.165,6.1,44.44,210978,44.44
SGP,Asia,Singapore,5/11/2021,212745,1767,2949.429,468,9,12.571,39010.012,324.006,540.822,85.815,1.65,2.305,0.87,19156,3.513,0.154,6.5,44.44,212745,44.44
SGP,Asia,Singapore,6/11/2021,215780,3035,2938.429,480,12,12.286,39566.525,556.513,538.805,88.015,2.2,2.253,0.9,18313,3.358,0.16,6.2,44.44,215780,44.44
